Relative base index,AAT nick type B run 0,AAT nick type B run 1,AAT nick type B run 2,Average nick type B AAT,AAT nick type C run 0,AAT nick type C run 1,AAT nick type C run 2,Average nick type C AAT,ACT nick type B run 0,ACT nick type B run 1,ACT nick type B run 2,Average nick type B ACT,ACT nick type C run 0,ACT nick type C run 1,ACT nick type C run 2,Average nick type C ACT,AGT nick type B run 0,AGT nick type B run 1,AGT nick type B run 2,Average nick type B AGT,AGT nick type C run 0,AGT nick type C run 1,AGT nick type C run 2,Average nick type C AGT,GAT nick type B run 0,GAT nick type B run 1,GAT nick type B run 2,Average nick type B GAT,GAT nick type C run 0,GAT nick type C run 1,GAT nick type C run 2,Average nick type C GAT,GCT nick type B run 0,GCT nick type B run 1,GCT nick type B run 2,Average nick type B GCT,GCT nick type C run 0,GCT nick type C run 1,GCT nick type C run 2,Average nick type C GCT,GGT nick type B run 0,GGT nick type B run 1,GGT nick type B run 2,Average nick type B GGT,GGT nick type C run 0,GGT nick type C run 1,GGT nick type C run 2,Average nick type C GGT
-49,0.9115377590026243,0.9426634385783175,0.8848586050805946,0.9130199342205122,0.8759655537732555,0.8981981820416095,0.8581794511585649,0.8774477289911432,0.9871286951150254,0.9560030155393323,0.9159842846562877,0.9530386651035485,0.8804120794269189,0.8848586050805946,0.8981981820416095,0.8878229555163744,0.8403933485438743,0.9070912333489486,0.889305130734258,0.878929904209027,0.9337703872709783,0.9070912333489486,0.8759655537732555,0.9056090581310609,0.9204308103099634,0.9248773359636392,0.9515564898856566,0.9322882120530863,0.9204308103099634,0.8848586050805946,0.9026447076952728,0.902644707695277,0.8759655537732555,0.9515564898856566,0.8492863998512258,0.8922694811700459,0.9159842846562877,0.9515564898856566,0.9026447076952728,0.923395160745739,0.9115377590026243,0.8715190281195797,0.9782356438076862,0.9204308103099633,0.9426634385783175,0.9560030155393323,0.9159842846562877,0.9382169129246458
-48,0.9159842846562877,0.9115377590026243,0.8359468228902109,0.8878229555163744,0.9382169129246417,0.9026447076952728,0.9737891181540229,0.9382169129246458,0.84483987419755,0.8804120794269189,0.8848586050805946,0.8700368529016878,0.8403933485438743,0.889305130734258,0.9515564898856566,0.8937516563879296,0.8359468228902109,0.8759655537732555,0.889305130734258,0.8670725024659082,0.8715190281195797,0.8848586050805946,0.8715190281195797,0.8759655537732512,0.8937516563879337,0.9159842846562877,0.9382169129246417,0.9159842846562878,0.8670725024659041,0.8626259768122406,0.9293238616173025,0.8863407802984824,0.9159842846562877,0.9070912333489486,0.9070912333489486,0.9100555837847283,0.8937516563879337,0.9337703872709783,0.9248773359636392,0.9174664598741837,0.9471099642319931,0.9026447076952728,0.9026447076952728,0.9174664598741796,0.9026447076952728,0.9115377590026243,0.9337703872709783,0.9159842846562918
-47,0.9026447076952728,0.9426634385783175,0.8981981820416095,0.9145021094383999,0.9293238616173025,0.7203371558947529,0.9204308103099634,0.8566972759406729,1.1783292982228968,0.889305130734258,0.9471099642319931,1.004914797729716,1.0093613233833918,0.8581794511585649,0.9648960668466714,0.9441456137962093,0.9337703872709783,0.8937516563879337,1.0315939516517456,0.9530386651035526,1.004914797729716,0.84483987419755,0.9070912333489486,0.9189486350920716,0.9070912333489486,1.004914797729716,0.8981981820416095,0.936734737706758,0.8759655537732555,0.9337703872709783,0.8981981820416095,0.902644707695281,0.84483987419755,0.9026447076952728,0.8981981820416095,0.8818942546448106,1.0449335286127606,0.8581794511585649,0.889305130734258,0.9308060368351945,0.9248773359636392,0.982682169461362,1.0627196312274387,0.9900930455508133,0.8581794511585649,0.9293238616173025,0.9204308103099634,0.902644707695277
-46,0.9204308103099634,0.9248773359636392,0.8981981820416095,0.9145021094384042,0.9293238616173025,0.8270537715828594,0.8581794511585649,0.8715190281195756,0.8937516563879337,0.9337703872709783,0.9115377590026243,0.9130199342205122,0.9471099642319931,0.9159842846562877,0.9026447076952728,0.9219129855278512,0.9782356438076862,0.8092676689681811,0.9471099642319931,0.9115377590026202,0.9471099642319931,0.8092676689681811,0.9026447076952728,0.8863407802984824,0.9115377590026243,0.9293238616173025,0.7470163098167827,0.8626259768122365,0.8492863998512258,0.8848586050805946,0.9204308103099634,0.8848586050805946,0.9337703872709783,0.9515564898856566,0.9115377590026243,0.9322882120530864,0.9204308103099634,0.9204308103099634,0.9159842846562877,0.9189486350920716,0.8492863998512258,0.9293238616173025,0.8181607202755203,0.8655903272480162,0.9070912333489486,0.8759655537732555,0.9204308103099634,0.9011625324773892
-45,0.9204308103099634,0.8715190281195797,0.8670725024659041,0.8863407802984824,0.8981981820416095,0.8226072459291961,1.013807849037055,0.9115377590026202,0.8403933485438743,0.9293238616173025,0.8759655537732555,0.8818942546448109,0.8670725024659041,0.8759655537732555,0.8581794511585649,0.8670725024659082,0.8270537715828594,0.7870350406998272,0.8937516563879337,0.8359468228902068,0.9204308103099634,0.8048211433145055,0.889305130734258,0.8715190281195756,0.8981981820416095,0.9159842846562877,0.7959280920071663,0.8700368529016879,0.8759655537732555,0.9115377590026243,0.8759655537732555,0.8878229555163785,0.8270537715828594,0.8092676689681811,0.9204308103099634,0.8522507502870015,0.8981981820416095,0.8981981820416095,0.9026447076952728,0.8996803572594972,0.9737891181540229,0.9204308103099634,0.7692489380851366,0.8878229555163744,0.8492863998512258,0.7825885150461515,0.7381232585094435,0.7899993911356069
-44,0.9248773359636392,0.9026447076952728,0.889305130734258,0.9056090581310566,0.9337703872709783,0.8670725024659041,0.8581794511585649,0.8863407802984824,0.8581794511585649,0.9915752207687011,0.9515564898856566,0.9337703872709743,0.9426634385783175,0.889305130734258,0.9693425925003472,0.9337703872709741,0.8937516563879337,0.7425697841631069,0.9159842846562877,0.8507685750691095,0.9293238616173025,0.8626259768122406,0.9693425925003472,0.9204308103099633,0.9248773359636392,0.9159842846562877,0.84483987419755,0.8952338316058256,0.8359468228902109,0.9337703872709783,0.9337703872709783,0.9011625324773892,0.9070912333489486,0.8626259768122406,0.9871286951150254,0.9189486350920716,0.9515564898856566,0.8981981820416095,0.9737891181540229,0.9411812633604297,0.9293238616173025,0.9382169129246417,0.9293238616173025,0.9322882120530823,0.9648960668466714,0.8670725024659041,0.9248773359636392,0.9189486350920716
-43,0.9070912333489486,0.9159842846562877,0.960449541193008,0.9278416863994147,0.9560030155393323,0.7736954637388124,1.0938453108031443,0.9411812633604297,0.8181607202755203,0.9159842846562877,1.0004682720760403,0.911537759002616,0.7736954637388124,0.8981981820416095,0.9960217464223768,0.8893051307342662,0.8137141946218569,0.7781419893924757,0.9737891181540229,0.8552151007227852,0.9293238616173025,0.8848586050805946,0.9204308103099634,0.9115377590026202,0.8048211433145055,0.9871286951150254,0.9471099642319931,0.913019934220508,0.8315002972365352,0.9960217464223768,0.8981981820416095,0.9085734085668404,0.8804120794269189,0.7559093611241218,0.8804120794269189,0.8389111733259865,1.0227009003444065,0.8937516563879337,0.9915752207687011,0.9693425925003472,0.9426634385783175,0.8048211433145055,0.9782356438076862,0.9085734085668363,0.889305130734258,0.8270537715828594,0.8581794511585649,0.8581794511585609
-42,0.8626259768122406,0.8715190281195797,0.8492863998512258,0.8611438015943488,0.9204308103099634,0.7336767328557677,0.9560030155393323,0.8700368529016878,0.7959280920071663,0.8759655537732555,0.9960217464223768,0.8893051307342662,0.9337703872709783,0.8315002972365352,0.9560030155393323,0.9070912333489486,0.6847649506653841,0.8937516563879337,0.9337703872709783,0.8374289981080988,0.9159842846562877,0.8581794511585649,0.9115377590026243,0.8952338316058257,0.9915752207687011,0.9471099642319931,0.8537329255048891,0.9308060368351945,0.7603558867777975,0.9426634385783175,0.9293238616173025,0.8774477289911392,0.8981981820416095,0.7025510532800747,0.9515564898856566,0.8507685750691136,1.004914797729716,0.8937516563879337,0.9560030155393323,0.9515564898856607,0.9693425925003472,0.9693425925003472,1.0004682720760403,0.9797178190255783,0.9070912333489486,0.7158906302410772,0.7692489380851366,0.7974102672250541
-41,0.8759655537732555,0.8403933485438743,0.9115377590026243,0.8759655537732515,0.9560030155393323,0.8181607202755203,0.982682169461362,0.9189486350920716,0.8759655537732555,0.8759655537732555,0.9648960668466714,0.9056090581310609,0.9915752207687011,0.7959280920071663,0.9737891181540229,0.9204308103099635,0.7425697841631069,0.8403933485438743,0.8492863998512258,0.810749844186069,0.8626259768122406,0.8226072459291961,0.889305130734258,0.8581794511585649,0.7470163098167827,0.9515564898856566,0.9115377590026243,0.8700368529016879,0.7914815663534907,0.9337703872709783,0.9248773359636392,0.8833764298627026,0.9115377590026243,0.7603558867777975,0.8937516563879337,0.8552151007227852,0.8804120794269189,0.8848586050805946,0.8981981820416095,0.8878229555163744,0.9560030155393323,1.0538265799200996,0.9204308103099634,0.9767534685897985,0.8981981820416095,0.7158906302410772,0.7514628354704583,0.788517215917715
-40,0.9026447076952728,0.9248773359636392,0.84483987419755,0.8907873059521542,0.9070912333489486,0.8226072459291961,1.0182543746907309,0.9159842846562918,0.9693425925003472,0.8848586050805946,0.9026447076952728,0.9189486350920716,0.9426634385783175,0.8315002972365352,0.8715190281195797,0.8818942546448106,0.7381232585094435,0.8403933485438743,0.8092676689681811,0.7959280920071663,0.8270537715828594,0.8626259768122406,0.889305130734258,0.8596616263764526,0.8981981820416095,0.9159842846562877,0.7603558867777975,0.858179451158565,0.7470163098167827,0.9026447076952728,0.9426634385783175,0.8641081520301244,0.9115377590026243,0.8003746176608421,0.982682169461362,0.8981981820416095,0.8981981820416095,0.9159842846562877,0.9471099642319931,0.9204308103099633,1.013807849037055,0.982682169461362,0.9204308103099634,0.9723069429361267,0.9026447076952728,0.7825885150461515,0.8759655537732555,0.8537329255048932
-39,0.7825885150461515,0.8003746176608421,0.9026447076952728,0.8285359468007555,0.9204308103099634,0.8537329255048891,1.142757092993528,0.9723069429361267,0.8759655537732555,0.8270537715828594,0.9159842846562877,0.8730012033374676,1.0004682720760403,0.6892114763190598,0.8848586050805946,0.8581794511585649,0.8048211433145055,0.889305130734258,0.889305130734258,0.8611438015943405,0.8804120794269189,0.8226072459291961,0.8181607202755203,0.8403933485438785,0.8359468228902109,0.9293238616173025,0.7648024124314732,0.8433576989796622,0.8848586050805946,0.9960217464223768,0.8804120794269189,0.9204308103099633,0.889305130734258,0.8181607202755203,0.8715190281195797,0.8596616263764526,0.9204308103099634,0.9115377590026243,0.8848586050805946,0.9056090581310609,0.9382169129246417,1.0760592081884537,0.9471099642319931,0.9871286951150294,0.8670725024659041,0.7692489380851366,0.9026447076952728,0.8463220494154378
-38,0.8626259768122406,0.7736954637388124,0.8403933485438743,0.8255715963649758,0.9737891181540229,0.8581794511585649,1.040487002959085,0.9574851907572243,0.8848586050805946,0.84483987419755,0.8759655537732555,0.8685546776837999,0.9560030155393323,0.7781419893924757,0.9737891181540229,0.902644707695277,0.698104527626399,0.9782356438076862,0.960449541193008,0.878929904209031,0.9960217464223768,0.8759655537732555,0.9293238616173025,0.9337703872709783,0.8626259768122406,0.8848586050805946,0.8359468228902109,0.8611438015943488,0.8181607202755203,0.8226072459291961,0.9515564898856566,0.8641081520301244,0.9026447076952728,1.0093613233833918,0.889305130734258,0.9337703872709741,0.9204308103099634,0.9737891181540229,0.9382169129246417,0.9441456137962093,0.9471099642319931,0.9915752207687011,0.9204308103099634,0.9530386651035526,1.0982918364568077,0.8315002972365352,0.8359468228902109,0.9219129855278513
-37,0.7158906302410772,0.7692489380851366,0.8315002972365352,0.7722132885209163,0.9782356438076862,0.8537329255048891,1.2272410804132805,1.0197365499086184,0.9204308103099634,0.7736954637388124,0.9382169129246417,0.8774477289911392,0.9782356438076862,0.84483987419755,0.9382169129246417,0.9204308103099592,0.8315002972365352,0.8804120794269189,0.9515564898856566,0.8878229555163702,0.9070912333489486,0.7825885150461515,0.8492863998512258,0.8463220494154419,0.8092676689681811,0.8670725024659041,0.7914815663534907,0.8226072459291919,0.8715190281195797,0.8670725024659041,0.8537329255048891,0.8641081520301244,0.8937516563879337,0.8626259768122406,0.8137141946218569,0.856697275940677,0.9337703872709783,0.8715190281195797,0.8537329255048891,0.8863407802984824,0.889305130734258,1.0449335286127606,0.9248773359636392,0.9530386651035525,0.7781419893924757,0.8626259768122406,0.8270537715828594,0.8226072459291919
-36,0.84483987419755,0.7381232585094435,0.6847649506653841,0.7559093611241258,0.9871286951150254,0.8937516563879337,1.1116314134178225,0.9975039216402605,0.9471099642319931,0.7736954637388124,0.8848586050805946,0.8685546776837999,1.0004682720760403,0.6402996941286762,0.9382169129246417,0.8596616263764526,0.84483987419755,0.9115377590026243,0.889305130734258,0.8818942546448109,0.8359468228902109,0.8003746176608421,0.8848586050805946,0.8403933485438825,0.8315002972365352,0.9248773359636392,0.9070912333489486,0.8878229555163744,0.9070912333489486,0.9382169129246417,0.9382169129246417,0.9278416863994107,0.8981981820416095,0.8981981820416095,0.9382169129246417,0.9115377590026202,0.9382169129246417,0.8759655537732555,0.8715190281195797,0.8952338316058256,0.9248773359636392,0.9070912333489486,0.9115377590026243,0.9145021094384042,0.7959280920071663,0.8759655537732555,0.6669788480506935,0.7796241646103718
-35,0.7781419893924757,0.7114441045874138,0.889305130734258,0.7929637415713825,0.9915752207687011,0.8759655537732555,1.142757092993528,1.0034326225118282,0.8403933485438743,0.7781419893924757,0.9382169129246417,0.8522507502869973,0.9648960668466714,0.7114441045874138,0.9737891181540229,0.8833764298627026,0.8403933485438743,0.8359468228902109,0.8715190281195797,0.8492863998512217,0.7603558867777975,0.7825885150461515,0.84483987419755,0.7959280920071663,0.7559093611241218,0.84483987419755,0.8003746176608421,0.8003746176608378,0.8492863998512258,0.9337703872709783,0.8226072459291961,0.8685546776838001,0.8715190281195797,0.8226072459291961,0.8403933485438743,0.8448398741975499,0.8937516563879337,0.8270537715828594,0.8092676689681811,0.8433576989796582,0.9426634385783175,0.9471099642319931,0.9070912333489486,0.9322882120530864,0.7158906302410772,0.8359468228902109,0.7781419893924757,0.7766598141745881
-34,0.8092676689681811,0.7825885150461515,0.9070912333489486,0.832982472454427,1.0004682720760403,0.9471099642319931,1.0938453108031443,1.0138078490370592,0.9737891181540229,0.7203371558947529,0.9248773359636392,0.8730012033374717,1.0227009003444065,0.8226072459291961,0.9426634385783175,0.9293238616173066,0.9159842846562877,0.8492863998512258,0.9159842846562877,0.8937516563879337,0.8759655537732555,0.7336767328557677,0.8981981820416095,0.8359468228902109,0.7781419893924757,0.9515564898856566,0.84483987419755,0.8581794511585606,0.84483987419755,0.9293238616173025,0.8759655537732555,0.8833764298627026,0.9471099642319931,0.9426634385783175,0.8048211433145055,0.8981981820416053,0.9471099642319931,0.889305130734258,0.8759655537732555,0.9041268829131689,0.9382169129246417,0.9070912333489486,0.9515564898856566,0.9322882120530823,0.8670725024659041,0.8670725024659041,0.8581794511585649,0.8641081520301244
-33,0.8670725024659041,0.8181607202755203,1.004914797729716,0.8967160068237133,1.0893987851494684,1.004914797729716,1.1472036186472037,1.0805057338421291,0.9426634385783175,0.7870350406998272,0.9560030155393323,0.8952338316058256,0.982682169461362,0.9070912333489486,1.0004682720760403,0.9634138916287837,0.9293238616173025,0.9471099642319931,0.982682169461362,0.9530386651035525,0.9026447076952728,0.698104527626399,0.7425697841631069,0.7811063398282595,0.7470163098167827,0.9915752207687011,0.9159842846562877,0.8848586050805904,0.9560030155393323,1.0004682720760403,0.8137141946218569,0.9233951607457431,0.7914815663534907,0.9115377590026243,0.8003746176608421,0.834464647672319,0.9471099642319931,0.7825885150461515,0.8003746176608421,0.8433576989796623,0.9115377590026243,0.9560030155393323,1.0004682720760403,0.9560030155393324,0.8181607202755203,0.9382169129246417,0.8937516563879337,0.8833764298626986
-32,0.8804120794269189,0.84483987419755,0.9737891181540229,0.8996803572594972,1.0182543746907309,0.9248773359636392,0.9960217464223768,0.9797178190255824,0.9560030155393323,0.8226072459291961,0.8804120794269189,0.8863407802984824,1.0004682720760403,0.8981981820416095,0.8181607202755203,0.9056090581310569,0.9248773359636392,0.8581794511585649,0.982682169461362,0.9219129855278553,0.8759655537732555,0.8003746176608421,0.8759655537732555,0.8507685750691176,0.9159842846562877,0.9382169129246417,0.9248773359636392,0.9263595111815229,0.7825885150461515,0.9293238616173025,0.8670725024659041,0.8596616263764526,0.9737891181540229,0.9426634385783175,0.7292302072020921,0.8818942546448109,0.8804120794269189,0.9204308103099634,0.9115377590026243,0.9041268829131689,0.9426634385783175,0.9648960668466714,0.9960217464223768,0.9678604172824553,0.8804120794269189,0.889305130734258,0.8759655537732555,0.8818942546448109
-31,0.9204308103099634,0.9159842846562877,0.982682169461362,0.9396990881425377,1.1961154008375874,1.0182543746907309,1.0805057338421293,1.098291836456816,1.004914797729716,0.9026447076952728,1.004914797729716,0.9708247677182348,1.0671661568811146,0.9960217464223768,1.0360404773054215,1.0330761268696376,1.0093613233833918,0.889305130734258,1.02714742599807,0.9752712933719065,0.9782356438076862,0.8315002972365352,0.7559093611241218,0.8552151007227811,0.9782356438076862,0.982682169461362,0.960449541193008,0.9737891181540187,0.9648960668466714,0.9693425925003472,0.8359468228902109,0.9233951607457431,1.004914797729716,1.013807849037055,0.7203371558947529,0.913019934220508,0.9515564898856566,0.8315002972365352,0.8181607202755203,0.867072502465904,0.9471099642319931,1.0227009003444065,1.0760592081884537,1.0152900242549512,0.8670725024659041,0.9782356438076862,0.9382169129246417,0.9278416863994107
-30,0.889305130734258,0.9070912333489486,0.9648960668466714,0.9204308103099593,1.1472036186472037,0.9515564898856566,1.0716126825347903,1.0567909303558836,0.9515564898856566,0.8848586050805946,0.9471099642319931,0.9278416863994147,0.9915752207687011,0.9515564898856566,0.9693425925003472,0.970824767718235,0.8981981820416095,0.8003746176608421,0.9871286951150254,0.8952338316058257,0.8937516563879337,0.8403933485438743,0.698104527626399,0.810749844186069,0.960449541193008,0.9693425925003472,0.8804120794269189,0.936734737706758,0.9026447076952728,0.9515564898856566,0.8359468228902109,0.8967160068237133,0.9382169129246417,0.9782356438076862,0.653639271089691,0.856697275940673,0.9159842846562877,0.7336767328557677,0.6936580019727232,0.7811063398282595,0.8937516563879337,0.9960217464223768,0.9337703872709783,0.9411812633604296,0.9204308103099634,0.9026447076952728,0.889305130734258,0.9041268829131647
-29,0.8581794511585649,0.8270537715828594,0.9471099642319931,0.8774477289911391,1.2850459139110033,0.9648960668466714,1.0582731055737753,1.1027383621104834,0.8759655537732555,0.8670725024659041,0.9248773359636392,0.8893051307342663,0.8848586050805946,0.9159842846562877,0.9382169129246417,0.913019934220508,0.9737891181540229,0.8181607202755203,0.9515564898856566,0.9145021094383999,0.9782356438076862,0.84483987419755,0.7559093611241218,0.8596616263764526,0.9426634385783175,0.9471099642319931,0.7959280920071663,0.8952338316058256,0.8359468228902109,0.9248773359636392,0.8315002972365352,0.8641081520301285,0.9026447076952728,0.9115377590026243,0.8181607202755203,0.8774477289911392,0.9782356438076862,0.698104527626399,0.7292302072020921,0.8018567928787258,0.9515564898856566,0.889305130734258,0.9871286951150254,0.9426634385783133,0.8670725024659041,0.8804120794269189,0.8181607202755203,0.8552151007227811
-28,0.8981981820416095,0.8270537715828594,1.0538265799200996,0.9263595111815229,1.2050084521449265,0.8403933485438743,0.9960217464223768,1.0138078490370592,0.9471099642319931,0.9070912333489486,0.9782356438076862,0.9441456137962093,0.9426634385783175,0.8670725024659041,0.8626259768122406,0.8907873059521542,0.9159842846562877,0.8226072459291961,0.9382169129246417,0.8922694811700418,0.9337703872709783,0.8181607202755203,0.7158906302410772,0.8226072459291919,0.8937516563879337,0.8092676689681811,0.8626259768122406,0.8552151007227852,0.8181607202755203,1.0182543746907309,0.7914815663534907,0.8759655537732473,0.8315002972365352,0.9382169129246417,0.8315002972365352,0.867072502465904,0.9248773359636392,0.8048211433145055,0.8092676689681811,0.8463220494154419,0.8226072459291961,0.9159842846562877,0.8848586050805946,0.8744833785553595,0.7336767328557677,0.8759655537732555,0.8270537715828594,0.812232019403961
-27,0.9337703872709783,0.8981981820416095,0.8804120794269189,0.9041268829131689,1.1249709903788374,0.84483987419755,1.1027383621104834,1.0241830755622903,0.9248773359636392,0.8848586050805946,0.9782356438076862,0.9293238616173066,0.9293238616173025,0.8937516563879337,0.9560030155393323,0.9263595111815229,0.9159842846562877,0.8626259768122406,0.9693425925003472,0.9159842846562918,0.9248773359636392,0.8670725024659041,0.8092676689681811,0.8670725024659082,0.9026447076952728,0.8715190281195797,0.9471099642319931,0.9070912333489485,0.9293238616173025,0.9382169129246417,0.7648024124314732,0.8774477289911391,0.8181607202755203,0.8848586050805946,0.7114441045874138,0.8048211433145096,0.9159842846562877,0.7603558867777975,0.8626259768122406,0.8463220494154419,0.8626259768122406,0.9293238616173025,1.0004682720760403,0.9308060368351945,0.8403933485438743,0.8981981820416095,0.9204308103099634,0.8863407802984824
-26,0.9515564898856566,0.8715190281195797,1.0227009003444065,0.948592139449881,1.1694362469155577,0.9693425925003472,1.0582731055737753,1.0656839816632269,0.8537329255048891,0.9248773359636392,0.9560030155393323,0.9115377590026202,0.9960217464223768,0.9871286951150254,0.9782356438076862,0.9871286951150294,0.9248773359636392,0.889305130734258,0.960449541193008,0.9248773359636351,0.9471099642319931,0.8937516563879337,0.8937516563879337,0.9115377590026202,0.8315002972365352,0.9293238616173025,0.9471099642319931,0.9026447076952769,0.9337703872709783,0.960449541193008,0.8670725024659041,0.9204308103099635,0.9382169129246417,0.8315002972365352,0.982682169461362,0.9174664598741796,1.0004682720760403,0.8492863998512258,0.8759655537732555,0.9085734085668405,0.9693425925003472,0.9782356438076862,0.9960217464223768,0.98119999424347,0.7870350406998272,0.9026447076952728,0.8981981820416095,0.8626259768122365
-25,1.004914797729716,1.0182543746907309,1.004914797729716,1.0093613233833876,1.0893987851494684,1.0938453108031443,1.2672598112963251,1.1501679690829791,0.9871286951150254,1.0093613233833918,0.9960217464223768,0.9975039216402646,1.0360404773054215,0.9871286951150254,1.040487002959085,1.0212187251265108,1.0093613233833918,0.960449541193008,0.9560030155393323,0.9752712933719107,0.9337703872709783,0.9693425925003472,0.8670725024659041,0.9233951607457431,1.0627196312274387,1.0627196312274387,0.982682169461362,1.036040477305413,0.9648960668466714,1.1160779390714983,0.6936580019727232,0.924877335963631,0.9204308103099634,1.0093613233833918,0.7425697841631069,0.8907873059521542,1.0449335286127606,0.8403933485438743,0.8981981820416095,0.9278416863994149,0.982682169461362,1.02714742599807,1.0360404773054215,1.0152900242549512,0.9248773359636392,0.9382169129246417,1.02714742599807,0.9634138916287837
-24,0.8937516563879337,0.9693425925003472,1.0182543746907309,0.9604495411930039,1.0227009003444065,0.9871286951150254,1.2005619264912508,1.0701305073168943,0.982682169461362,0.9960217464223768,1.0893987851494684,1.0227009003444023,0.9560030155393323,0.9159842846562877,0.9871286951150254,0.9530386651035485,0.9471099642319931,0.9382169129246417,0.8626259768122406,0.9159842846562919,0.9737891181540229,0.9293238616173025,0.8626259768122406,0.9219129855278553,1.013807849037055,0.9560030155393323,0.9960217464223768,0.9886108703329214,0.9648960668466714,1.1116314134178225,0.8226072459291961,0.9663782420645632,0.8581794511585649,0.9648960668466714,0.7425697841631069,0.8552151007227811,0.9915752207687011,0.8759655537732555,0.8759655537732555,0.9145021094384039,0.9337703872709783,1.004914797729716,1.02714742599807,0.9886108703329214,0.9204308103099634,0.84483987419755,0.9159842846562877,0.8937516563879337
-23,0.9782356438076862,0.9782356438076862,0.960449541193008,0.9723069429361267,1.013807849037055,0.9737891181540229,1.0805057338421293,1.0227009003444023,1.0227009003444065,0.9693425925003472,1.013807849037055,1.0019504472939362,1.013807849037055,0.9204308103099634,1.004914797729716,0.9797178190255781,0.9693425925003472,0.9337703872709783,0.8981981820416095,0.9337703872709784,0.9960217464223768,0.9782356438076862,0.8048211433145055,0.9263595111815229,1.0449335286127606,0.8981981820416095,0.9915752207687011,0.9782356438076905,0.9426634385783175,0.982682169461362,0.7870350406998272,0.904126882913169,0.8937516563879337,0.9737891181540229,0.8981981820416095,0.9219129855278553,0.960449541193008,0.9204308103099634,0.9159842846562877,0.9322882120530864,1.0004682720760403,0.9871286951150254,1.004914797729716,0.9975039216402606,0.9204308103099634,0.8848586050805946,0.9515564898856566,0.9189486350920716
-22,0.9070912333489486,0.9782356438076862,1.0760592081884537,0.9871286951150294,0.9960217464223768,1.0360404773054215,1.129417516032513,1.0538265799201039,0.9871286951150254,0.8981981820416095,1.2628132856426493,1.049380054266428,0.9337703872709783,1.0004682720760403,1.013807849037055,0.9826821694613579,0.9337703872709783,0.9337703872709783,0.9382169129246417,0.935252562488866,0.9648960668466714,0.9159842846562877,0.8759655537732555,0.9189486350920716,1.0315939516517456,0.8848586050805946,0.9560030155393323,0.957485190757224,0.8670725024659041,1.0582731055737753,0.8537329255048891,0.9263595111815229,0.7736954637388124,0.9070912333489486,0.8092676689681811,0.8300181220186474,0.9337703872709783,0.8626259768122406,0.8492863998512258,0.8818942546448149,0.9115377590026243,0.9337703872709783,0.9737891181540229,0.9396990881425419,0.8981981820416095,0.8181607202755203,0.8848586050805946,0.8670725024659082
-21,1.0182543746907309,0.9915752207687011,1.0449335286127606,1.0182543746907309,1.0538265799200996,1.049380054266424,1.1916688751839117,1.0982918364568117,1.049380054266424,0.9648960668466714,1.0716126825347903,1.028629601215962,1.0182543746907309,0.9737891181540229,1.040487002959085,1.0108434986012795,0.9960217464223768,0.9515564898856566,0.9648960668466714,0.970824767718235,0.960449541193008,0.9471099642319931,0.9115377590026243,0.9396990881425418,1.0760592081884537,0.9871286951150254,1.004914797729716,1.0227009003443983,0.9515564898856566,1.0982918364568077,0.9382169129246417,0.9960217464223686,0.8759655537732555,0.9960217464223768,0.9426634385783175,0.9382169129246499,0.9693425925003472,0.9648960668466714,0.9560030155393323,0.9634138916287837,0.9871286951150254,1.0004682720760403,1.1160779390714983,1.0345583020875215,0.9159842846562877,0.84483987419755,1.013807849037055,0.924877335963631
-20,0.9693425925003472,0.9871286951150254,1.1383105673398521,1.0315939516517416,1.0227009003444065,0.9782356438076862,1.0893987851494684,1.0301117764338537,1.0982918364568077,1.0182543746907309,1.1783292982228968,1.0982918364568117,1.0449335286127606,1.0805057338421293,1.1249709903788374,1.083470084277909,0.9960217464223768,1.0315939516517456,0.9737891181540229,1.0004682720760485,1.0227009003444065,1.0449335286127606,0.9515564898856566,1.0063969729476079,1.2361341317206196,1.0582731055737753,1.0982918364568077,1.1308996912504008,1.049380054266424,1.1338640416861887,0.960449541193008,1.0478978790485403,0.7514628354704583,1.0315939516517456,0.9471099642319931,0.9100555837847324,0.982682169461362,1.0227009003444065,1.0315939516517456,1.0123256738191715,1.0360404773054215,1.0449335286127606,1.142757092993528,1.07457703297057,0.8492863998512258,0.7203371558947529,0.9871286951150254,0.8522507502870013
-19,0.9915752207687011,0.960449541193008,1.107184887764159,1.0197365499086226,1.004914797729716,1.1383105673398521,1.0849522594958052,1.0760592081884577,1.004914797729716,0.9204308103099634,1.1116314134178225,1.0123256738191673,0.9515564898856566,0.9915752207687011,1.0893987851494684,1.0108434986012753,0.982682169461362,0.9115377590026243,0.9026447076952728,0.9322882120530863,0.9115377590026243,0.9782356438076862,0.960449541193008,0.9500743146677729,1.0582731055737753,0.9915752207687011,1.013807849037055,1.0212187251265104,0.9782356438076862,1.0938453108031443,0.9159842846562877,0.9960217464223726,0.9915752207687011,0.9115377590026243,0.8715190281195797,0.9248773359636351,0.9426634385783175,0.9515564898856566,0.960449541193008,0.9515564898856607,0.9915752207687011,0.9871286951150254,1.0671661568811146,1.015290024254947,0.8804120794269189,0.7781419893924757,0.9115377590026243,0.856697275940673
-18,1.040487002959085,0.9915752207687011,1.1694362469155577,1.0671661568811146,1.0449335286127606,0.9871286951150254,1.107184887764159,1.0464157038306483,1.049380054266424,0.9960217464223768,1.2361341317206196,1.09384531080314,1.040487002959085,1.0582731055737753,1.107184887764159,1.0686483320990066,1.0671661568811146,1.004914797729716,0.9560030155393323,1.0093613233833876,1.049380054266424,1.0627196312274387,0.9782356438076862,1.0301117764338497,1.0671661568811146,1.0849522594958052,1.120524464725174,1.0908809603673646,1.0093613233833918,1.1649897212618818,0.9471099642319931,1.040487002959089,0.7825885150461515,1.049380054266424,0.982682169461362,0.9382169129246458,0.9737891181540229,1.1027383621104834,1.0582731055737753,1.0449335286127606,1.0315939516517456,1.02714742599807,1.2050084521449265,1.0879166099315807,0.7736954637388124,0.7692489380851366,0.982682169461362,0.8418755237617703
-17,1.0760592081884537,1.040487002959085,1.0760592081884537,1.0642018064453307,1.0449335286127606,0.982682169461362,1.0360404773054215,1.0212187251265148,1.0893987851494684,1.004914797729716,1.1383105673398521,1.0775413834063456,1.049380054266424,1.1160779390714983,1.0360404773054215,1.0671661568811146,1.0760592081884537,1.0893987851494684,1.049380054266424,1.071612682534782,1.0627196312274387,1.1116314134178225,0.9648960668466714,1.0464157038306443,1.0627196312274387,1.0671661568811146,1.0849522594958052,1.0716126825347863,1.0805057338421293,1.0182543746907309,0.9737891181540229,1.0241830755622943,0.7559093611241218,1.0627196312274387,1.02714742599807,0.9485921394498767,1.0182543746907309,1.142757092993528,1.107184887764159,1.0893987851494726,1.0004682720760403,1.1116314134178225,1.1027383621104834,1.071612682534782,0.889305130734258,0.8492863998512258,0.8848586050805946,0.8744833785553595
-16,1.1738827725692211,1.0449335286127606,1.1560966699545427,1.1249709903788416,0.9648960668466714,1.1160779390714983,0.982682169461362,1.0212187251265106,1.120524464725174,1.0538265799200996,1.2361341317206196,1.1368283921219644,1.0671661568811146,1.0760592081884537,1.5029256709409045,1.2153836786701575,1.0893987851494684,1.0538265799200996,1.1027383621104834,1.081987909060017,1.0449335286127606,1.1738827725692211,0.9737891181540229,1.064201806445335,0.9782356438076862,1.1116314134178225,1.0671661568811146,1.0523444047022077,1.0938453108031443,1.2316876060669562,1.0182543746907309,1.1145957638536104,0.7914815663534907,0.9871286951150254,1.0982918364568077,0.958967365975108,1.0004682720760403,1.1916688751839117,1.151650144300867,1.1145957638536064,0.9204308103099634,1.1249709903788374,1.2050084521449265,1.083470084277909,0.8492863998512258,0.7736954637388124,0.9782356438076862,0.8670725024659082
-15,1.0849522594958052,0.982682169461362,1.151650144300867,1.073094857752678,1.0227009003444065,1.2672598112963251,1.0582731055737753,1.1160779390715023,1.0760592081884537,1.0182543746907309,1.245027183027971,1.1131135886357184,0.9648960668466714,0.9915752207687011,1.1472036186472037,1.0345583020875253,0.9915752207687011,1.0182543746907309,1.0315939516517456,1.0138078490370592,1.0315939516517456,1.1116314134178225,0.9382169129246417,1.02714742599807,0.9560030155393323,1.02714742599807,1.0093613233833918,0.9975039216402647,1.013807849037055,1.2183480291059414,1.0582731055737753,1.0968096612389238,0.84483987419755,0.9693425925003472,1.0093613233833918,0.9411812633604297,0.9426634385783175,1.142757092993528,1.1027383621104834,1.062719631227443,0.960449541193008,1.0449335286127606,1.1472036186472037,1.0508622294843242,1.0004682720760403,0.889305130734258,0.9382169129246417,0.9426634385783134
-14,1.1738827725692211,0.9426634385783175,1.2050084521449265,1.107184887764155,0.9782356438076862,1.1649897212618818,1.107184887764159,1.083470084277909,1.0849522594958052,0.960449541193008,1.2717063369499884,1.105702712546267,1.0582731055737753,0.9871286951150254,1.1383105673398521,1.061237456009551,1.049380054266424,1.040487002959085,1.129417516032513,1.0730948577526738,1.1160779390714983,1.2183480291059414,0.9426634385783175,1.0923631355852523,0.9248773359636392,1.0627196312274387,0.9871286951150254,0.9915752207687011,1.0538265799200996,1.1160779390714983,1.107184887764159,1.0923631355852523,0.9026447076952728,0.8937516563879337,0.982682169461362,0.9263595111815229,0.8848586050805946,1.2583667599889858,0.982682169461362,1.0419691781769809,0.9426634385783175,1.0938453108031443,1.1249709903788374,1.0538265799200996,0.9960217464223768,0.9159842846562877,0.960449541193008,0.957485190757224
-13,1.2494737086816345,1.1027383621104834,1.2850459139110033,1.2124193282343736,1.040487002959085,1.1605431956082062,1.0582731055737753,1.0864344347136887,1.1738827725692211,1.1383105673398521,1.302832016525694,1.2050084521449225,1.0938453108031443,1.0938453108031443,1.1116314134178225,1.0997740116747037,1.151650144300867,0.9515564898856566,1.1249709903788374,1.0760592081884537,0.9337703872709783,1.2272410804132805,1.0227009003444065,1.0612374560095552,0.9204308103099634,1.129417516032513,0.9782356438076862,1.0093613233833876,1.0582731055737753,1.0716126825347903,1.1472036186472037,1.0923631355852563,0.9115377590026243,0.982682169461362,1.1249709903788374,1.0063969729476079,0.9337703872709783,1.20945497779859,1.2850459139110033,1.1427570929935238,0.9648960668466714,1.1916688751839117,1.0760592081884537,1.0775413834063456,1.2628132856426493,0.9382169129246417,1.0004682720760403,1.0671661568811104
-12,1.151650144300867,0.9426634385783175,1.1649897212618818,1.0864344347136887,0.9648960668466714,1.107184887764159,1.040487002959085,1.037522652523305,1.2583667599889858,1.1160779390714983,1.3072785421793696,1.2272410804132845,1.1160779390714983,1.1116314134178225,1.0671661568811146,1.098291836456812,1.2005619264912508,1.0849522594958052,1.1694362469155577,1.151650144300871,1.0849522594958052,1.0938453108031443,0.9648960668466714,1.0478978790485403,0.9293238616173025,1.0449335286127606,0.9159842846562877,0.9634138916287837,0.9871286951150254,1.0227009003444065,1.2494737086816345,1.0864344347136887,0.9648960668466714,0.9960217464223768,1.1560966699545427,1.039004827741197,0.9293238616173025,1.0671661568811146,1.0671661568811146,1.0212187251265106,0.9337703872709783,1.2628132856426493,1.0004682720760403,1.0656839816632226,1.1338640416861887,1.1160779390714983,0.9960217464223768,1.0819879090600215
-11,1.1827758238765724,1.0360404773054215,1.0805057338421293,1.0997740116747077,1.0182543746907309,1.1027383621104834,1.129417516032513,1.083470084277909,1.3161715934867086,1.1472036186472037,1.289492439564679,1.2509558838995305,1.129417516032513,1.107184887764159,1.129417516032513,1.1220066399430617,1.1872223495302359,1.0449335286127606,1.2494737086816345,1.1605431956082102,1.1383105673398521,1.013807849037055,1.040487002959085,1.0642018064453307,0.9248773359636392,1.0805057338421293,0.9960217464223768,1.0004682720760483,1.0449335286127606,1.0938453108031443,1.2583667599889858,1.132381866468297,1.013807849037055,0.9648960668466714,1.1783292982228968,1.0523444047022077,0.9871286951150254,1.1249709903788374,1.0982918364568077,1.0701305073168903,1.040487002959085,1.2316876060669562,1.1160779390714983,1.129417516032513,1.129417516032513,1.0671661568811146,1.0760592081884537,1.0908809603673604
-10,1.1649897212618818,1.1116314134178225,1.2361341317206196,1.1709184221334412,1.0982918364568077,1.0982918364568077,1.107184887764159,1.1012561868925914,1.3962090552527855,1.2005619264912508,1.2850459139110033,1.2939389652183466,1.2761528626036642,1.2227945547596046,1.1383105673398521,1.2124193282343738,1.1560966699545427,1.151650144300867,1.1249709903788374,1.1442392682114157,1.1649897212618818,1.049380054266424,1.142757092993528,1.119042289507278,0.9693425925003472,1.0360404773054215,0.9871286951150254,0.9975039216402647,1.1338640416861887,1.0449335286127606,1.129417516032513,1.1027383621104876,1.0849522594958052,1.049380054266424,1.0582731055737753,1.064201806445335,1.0360404773054215,1.142757092993528,1.02714742599807,1.0686483320990066,1.0004682720760403,1.1383105673398521,1.0182543746907309,1.0523444047022077,1.0671661568811146,1.129417516032513,1.0671661568811146,1.0879166099315807
-9,1.2050084521449265,1.107184887764159,1.2316876060669562,1.1812936486586805,1.1783292982228968,1.151650144300867,1.2227945547596046,1.1842579990944562,1.289492439564679,1.298385490872018,1.2583667599889858,1.2820815634752276,1.3295111704477236,1.1694362469155577,1.2272410804132805,1.2420628325921872,1.2139015034522656,1.0938453108031443,1.2050084521449265,1.1709184221334452,1.1116314134178225,1.0760592081884537,1.0760592081884537,1.0879166099315765,1.004914797729716,1.129417516032513,1.0182543746907309,1.05086222948432,1.1560966699545427,1.1116314134178225,1.151650144300867,1.139792742557744,1.0982918364568077,0.9426634385783175,1.1160779390714983,1.0523444047022077,1.0182543746907309,1.1160779390714983,1.120524464725174,1.084952259495801,1.0538265799200996,1.1649897212618818,1.1160779390714983,1.1116314134178265,1.1116314134178225,1.1827758238765724,1.040487002959085,1.1116314134178265
-8,1.311725067833033,1.2139015034522656,1.3873160039454464,1.3043141917435817,1.2405806573742952,1.20945497779859,1.2717063369499884,1.2405806573742912,1.320618119140372,1.120524464725174,1.3161715934867086,1.2524380591174182,1.311725067833033,1.20945497779859,1.2316876060669562,1.2509558838995265,1.2316876060669562,1.1961154008375874,1.2939389652183548,1.2405806573742995,1.2183480291059414,1.1738827725692211,1.2005619264912508,1.1975975760554711,1.0582731055737753,1.1560966699545427,1.107184887764159,1.107184887764159,1.2405806573742952,1.1738827725692211,1.2539202343353102,1.2227945547596086,1.2183480291059414,1.0582731055737753,1.1827758238765724,1.153132319518763,1.0716126825347903,1.20945497779859,1.1916688751839117,1.1575788451724307,1.120524464725174,1.1694362469155577,1.2272410804132805,1.1724005973513376,1.1560966699545427,1.2761528626036642,1.0004682720760403,1.1442392682114157
-7,1.2717063369499884,1.2405806573742952,1.2539202343353102,1.255402409553198,1.3072785421793696,1.2583667599889858,1.302832016525694,1.2894924395646832,1.2583667599889858,1.2316876060669562,1.2939389652183548,1.2613311104247655,1.2405806573742952,1.2761528626036642,1.2761528626036642,1.2642954608605412,1.1605431956082062,1.1916688751839117,1.2316876060669562,1.1946332256196912,1.2361341317206196,1.1338640416861887,1.2583667599889858,1.2094549777985981,1.0315939516517456,1.1249709903788374,1.1160779390714983,1.0908809603673604,1.2227945547596046,1.1383105673398521,1.1383105673398521,1.1664718964797698,1.2050084521449265,1.129417516032513,1.1605431956082062,1.1649897212618818,1.1383105673398521,1.1560966699545427,1.0893987851494684,1.127935340814621,1.0982918364568077,1.0938453108031443,1.1560966699545427,1.1160779390714983,1.0893987851494684,1.1916688751839117,1.0671661568811146,1.1160779390714983
-6,1.3517437987160776,1.2717063369499884,1.2717063369499884,1.298385490872018,1.2939389652183548,1.298385490872018,1.333957696101387,1.3087607173972533,1.2539202343353102,1.2628132856426493,1.2583667599889858,1.2583667599889818,1.1694362469155577,1.2672598112963251,1.2005619264912508,1.2124193282343778,1.2139015034522656,1.1249709903788374,1.245027183027971,1.1946332256196914,1.1961154008375874,1.1560966699545427,1.245027183027971,1.199079751273367,1.0227009003444065,1.0538265799200996,1.1249709903788374,1.0671661568811146,1.1827758238765724,1.120524464725174,1.1560966699545427,1.153132319518763,1.298385490872018,1.0227009003444065,1.20945497779859,1.1768471230050048,1.0938453108031443,1.2183480291059414,1.151650144300867,1.154614494736651,1.1916688751839117,1.129417516032513,1.1649897212618818,1.1620253708261021,1.0893987851494684,1.1605431956082062,1.1738827725692211,1.1412749177756318
-5,1.245027183027971,1.2539202343353102,1.289492439564679,1.2628132856426533,1.289492439564679,1.3161715934867086,1.129417516032513,1.2450271830279669,1.2761528626036642,1.2761528626036642,1.2717063369499884,1.2746706873857723,1.2316876060669562,1.3650833756770924,1.0938453108031443,1.2302054308490642,1.2494737086816345,1.20945497779859,1.2494737086816345,1.2361341317206198,1.311725067833033,1.151650144300867,1.2583667599889858,1.2405806573742952,1.129417516032513,1.0805057338421293,1.1383105673398521,1.1160779390714983,1.2316876060669562,1.2005619264912508,1.1783292982228968,1.2035262769270345,1.3161715934867086,1.0760592081884537,1.289492439564679,1.2272410804132805,1.1338640416861887,1.3561903243697533,1.2227945547596046,1.2376163069385155,1.2227945547596046,1.1961154008375874,1.2939389652183548,1.2376163069385155,1.1383105673398521,1.1961154008375874,1.2050084521449265,1.1798114734407887
-4,1.1872223495302359,1.3428507474087386,1.2805993882573399,1.2702241617321048,1.3561903243697533,1.3606368500234167,1.2805993882573399,1.3324755208835033,1.2628132856426493,1.2583667599889858,1.3161715934867086,1.279117213039448,1.2272410804132805,1.2850459139110033,1.2583667599889858,1.2568845847710899,1.1872223495302359,1.2139015034522656,1.2139015034522656,1.2050084521449225,1.1783292982228968,1.1338640416861887,1.2050084521449265,1.1724005973513372,1.0671661568811146,1.107184887764159,1.1783292982228968,1.1175601142893903,1.1961154008375874,1.1694362469155577,1.245027183027971,1.2035262769270387,1.3517437987160776,1.245027183027971,1.142757092993528,1.2465093582458588,1.20945497779859,1.1605431956082062,1.1249709903788374,1.1649897212618778,1.2939389652183548,1.311725067833033,1.2227945547596046,1.276152862603664,1.2539202343353102,1.142757092993528,1.0982918364568077,1.1649897212618818
-3,1.2761528626036642,1.3295111704477236,1.3384042217550627,1.3146894182688167,1.2761528626036642,1.2672598112963251,1.3784229526381073,1.3072785421793656,1.2761528626036642,1.302832016525694,1.2583667599889858,1.279117213039448,1.3072785421793696,1.2805993882573399,1.2272410804132805,1.2717063369499966,1.2272410804132805,1.2316876060669562,1.298385490872018,1.2524380591174182,1.2628132856426493,1.2316876060669562,1.333957696101387,1.276152862603664,1.1338640416861887,1.2139015034522656,1.1738827725692211,1.1738827725692251,1.20945497779859,1.1694362469155577,1.2050084521449265,1.1946332256196914,1.3517437987160776,1.1872223495302359,1.1605431956082062,1.23316978128484,1.2717063369499884,1.2717063369499884,1.1338640416861887,1.2257589051953885,1.3384042217550627,1.2672598112963251,1.3384042217550627,1.3146894182688167,1.2539202343353102,1.0938453108031443,1.151650144300867,1.1664718964797738
-2,1.311725067833033,1.2539202343353102,1.2672598112963251,1.277635037821556,1.320618119140372,1.320618119140372,1.2405806573742952,1.2939389652183466,1.245027183027971,1.2939389652183548,1.2761528626036642,1.2717063369499968,1.2583667599889858,1.2628132856426493,1.2761528626036642,1.2657776360784332,1.2183480291059414,1.1827758238765724,1.2005619264912508,1.200561926491255,1.2139015034522656,1.2316876060669562,1.2539202343353102,1.233169781284844,1.0671661568811146,1.2494737086816345,1.142757092993528,1.153132319518759,1.2628132856426493,1.1738827725692211,1.2005619264912508,1.2124193282343738,1.245027183027971,1.2539202343353102,1.107184887764159,1.2020441017091468,1.2628132856426493,1.2672598112963251,1.142757092993528,1.2242767299775008,1.302832016525694,1.2494737086816345,1.3161715934867086,1.289492439564679,1.1249709903788374,1.1116314134178225,1.151650144300867,1.129417516032509
-1,1.3072785421793696,1.298385490872018,1.302832016525694,1.302832016525694,1.2628132856426493,1.3072785421793696,1.302832016525694,1.290974614782571,1.311725067833033,1.3472972730624018,1.3072785421793696,1.322100294358268,1.320618119140372,1.3472972730624018,1.311725067833033,1.3265468200119355,1.289492439564679,1.2227945547596046,1.245027183027971,1.2524380591174182,1.2850459139110033,1.2850459139110033,1.325064644794048,1.2983854908720183,1.1249709903788374,1.1916688751839117,1.1560966699545427,1.1575788451724305,1.2005619264912508,1.2939389652183548,1.2361341317206196,1.2435450078100752,1.302832016525694,1.3072785421793696,1.2672598112963251,1.2924567900004629,1.3161715934867086,1.3161715934867086,1.2805993882573399,1.3043141917435859,1.3072785421793696,1.2939389652183548,1.405102106560137,1.3354398713192872,1.2139015034522656,1.2272410804132805,1.2361341317206196,1.2257589051953885
0,1.3161715934867086,1.3428507474087386,1.320618119140372,1.3265468200119397,1.333957696101387,1.3472972730624018,1.302832016525694,1.3280289952298274,1.3295111704477236,1.3517437987160776,1.3472972730624018,1.3428507474087343,1.320618119140372,1.3650833756770924,1.3295111704477236,1.3384042217550627,1.3295111704477236,1.2717063369499884,1.2183480291059414,1.2731885121678845,1.320618119140372,1.298385490872018,1.302832016525694,1.3072785421793613,1.1605431956082062,1.2139015034522656,1.2227945547596046,1.1990797512733589,1.2939389652183548,1.2628132856426493,1.311725067833033,1.289492439564679,1.3428507474087386,1.3161715934867086,1.3517437987160776,1.3369220465371752,1.2628132856426493,1.2805993882573399,1.333957696101387,1.2924567900004587,1.2672598112963251,1.2405806573742952,1.3650833756770924,1.290974614782571,1.245027183027971,1.1961154008375874,1.2050084521449265,1.2153836786701617
1,1.2939389652183548,1.2939389652183548,1.2805993882573399,1.2894924395646832,1.3428507474087386,1.2805993882573399,1.3295111704477236,1.3176537687046006,1.3517437987160776,1.3650833756770924,1.3161715934867086,1.344332922626626,1.3161715934867086,1.3384042217550627,1.2761528626036642,1.310242892615145,1.2939389652183548,1.2139015034522656,1.2583667599889858,1.2554024095532021,1.2539202343353102,1.2805993882573399,1.298385490872018,1.277635037821556,1.1827758238765724,1.1605431956082062,1.20945497779859,1.1842579990944564,1.289492439564679,1.3161715934867086,1.2939389652183548,1.299867666089914,1.3517437987160776,1.289492439564679,1.333957696101387,1.325064644794048,1.2583667599889858,1.2717063369499884,1.3072785421793696,1.279117213039448,1.302832016525694,1.3517437987160776,1.3739764269844315,1.3428507474087343,1.3384042217550627,1.2672598112963251,1.2628132856426493,1.289492439564679
2,1.325064644794048,1.311725067833033,1.2183480291059414,1.2850459139110075,1.325064644794048,1.2583667599889858,1.3695299013307682,1.3176537687046006,1.320618119140372,1.2805993882573399,1.3428507474087386,1.3146894182688167,1.2850459139110033,1.3873160039454464,1.2761528626036642,1.3161715934867046,1.2672598112963251,1.2227945547596046,1.2761528626036642,1.255402409553198,1.3606368500234167,1.3161715934867086,1.289492439564679,1.322100294358268,1.107184887764159,1.20945497779859,1.1649897212618818,1.1605431956082102,1.1827758238765724,1.2939389652183548,1.333957696101387,1.2702241617321048,1.3561903243697533,1.311725067833033,1.2761528626036642,1.3146894182688167,1.2494737086816345,1.325064644794048,1.2761528626036642,1.2835637386931156,1.2361341317206196,1.3695299013307682,1.311725067833033,1.3057963669614736,1.302832016525694,1.2717063369499884,1.2717063369499884,1.2820815634752234
3,1.3873160039454464,1.3072785421793696,1.2761528626036642,1.32358246957616,1.2717063369499884,1.3561903243697533,1.3072785421793696,1.3117250678330372,1.405102106560137,1.3650833756770924,1.3161715934867086,1.3621190252413127,1.3384042217550627,1.405102106560137,1.2939389652183548,1.3458150978445182,1.2939389652183548,1.2361341317206196,1.2628132856426493,1.2642954608605412,1.2494737086816345,1.2628132856426493,1.2316876060669562,1.2479915334637466,1.2050084521449265,1.2405806573742952,1.20945497779859,1.2183480291059372,1.1605431956082062,1.320618119140372,1.3428507474087386,1.2746706873857723,1.3472972730624018,1.3161715934867086,1.3384042217550627,1.3339576961013908,1.2761528626036642,1.333957696101387,1.311725067833033,1.3072785421793613,1.3606368500234167,1.3561903243697533,1.391762529599122,1.369529901330764,1.2939389652183548,1.2272410804132805,1.2227945547596046,1.2479915334637468
4,1.2717063369499884,1.320618119140372,1.2672598112963251,1.2865280891288953,1.333957696101387,1.320618119140372,1.2805993882573399,1.311725067833033,1.3606368500234167,1.3962090552527855,1.2717063369499884,1.3428507474087301,1.3384042217550627,1.2539202343353102,1.2405806573742952,1.277635037821556,1.2805993882573399,1.245027183027971,1.2316876060669562,1.2524380591174225,1.2316876060669562,1.2628132856426493,1.2717063369499884,1.255402409553198,1.1827758238765724,1.2672598112963251,1.0805057338421293,1.176847123005009,1.2494737086816345,1.3295111704477236,1.3072785421793696,1.2954211404362426,1.2850459139110033,1.2805993882573399,1.1916688751839117,1.2524380591174182,1.2628132856426493,1.2050084521449265,1.302832016525694,1.2568845847710899,1.3650833756770924,1.3828694782917708,1.3472972730624018,1.3650833756770886,1.298385490872018,1.129417516032513,1.298385490872018,1.2420628325921832
5,1.2183480291059414,1.1916688751839117,1.1560966699545427,1.188704524748132,1.2539202343353102,1.2939389652183548,1.2272410804132805,1.2583667599889818,1.3428507474087386,1.391762529599122,1.245027183027971,1.326546820011944,1.3072785421793696,1.3161715934867086,1.1160779390714983,1.2465093582458588,1.1872223495302359,1.20945497779859,1.3517437987160776,1.2494737086816345,1.2628132856426493,1.2717063369499884,1.2628132856426493,1.265777636078429,1.0760592081884537,1.0582731055737753,1.20945497779859,1.1145957638536064,1.129417516032513,1.320618119140372,1.2850459139110033,1.245027183027963,1.2183480291059414,1.2761528626036642,1.311725067833033,1.2687419865142129,1.289492439564679,1.1738827725692211,1.2850459139110033,1.2494737086816343,1.2361341317206196,1.2583667599889858,1.2761528626036642,1.2568845847710899,1.1560966699545427,1.1872223495302359,1.2183480291059414,1.1872223495302399
6,1.2761528626036642,1.20945497779859,1.1649897212618818,1.2168658538880452,1.298385490872018,1.3072785421793696,1.3606368500234167,1.3221002943582683,1.289492439564679,1.2272410804132805,1.3561903243697533,1.290974614782571,1.2628132856426493,1.245027183027971,1.1383105673398521,1.2153836786701575,1.2628132856426493,1.245027183027971,1.1649897212618818,1.2242767299775006,1.3384042217550627,1.2227945547596046,1.311725067833033,1.2909746147825667,1.1827758238765724,1.3695299013307682,1.1116314134178225,1.2213123795417211,1.1383105673398521,1.3428507474087386,1.320618119140372,1.267259811296321,1.2850459139110033,1.2539202343353102,1.2583667599889858,1.2657776360784332,1.2583667599889858,1.2717063369499884,1.2405806573742952,1.2568845847710897,1.3295111704477236,1.1961154008375874,1.2761528626036642,1.2672598112963251,1.1783292982228968,1.120524464725174,1.1783292982228968,1.1590610203903224
7,1.3295111704477236,1.3695299013307682,1.0760592081884537,1.2583667599889818,1.3517437987160776,1.2183480291059414,1.3828694782917708,1.3176537687045966,1.1916688751839117,1.2583667599889858,1.320618119140372,1.2568845847710899,1.289492439564679,1.20945497779859,1.1649897212618818,1.221312379541717,1.1916688751839117,1.1916688751839117,1.1160779390714983,1.1664718964797738,1.20945497779859,1.2139015034522656,1.1961154008375874,1.2064906273628144,1.0849522594958052,1.2005619264912508,1.1160779390714983,1.1338640416861847,1.120524464725174,1.1872223495302359,1.2272410804132805,1.1783292982228968,1.1472036186472037,1.3606368500234167,1.2050084521449265,1.2376163069385155,1.2717063369499884,1.3384042217550627,1.2272410804132805,1.279117213039444,1.289492439564679,1.1827758238765724,1.405102106560137,1.2924567900004629,1.2050084521449265,1.107184887764159,1.1783292982228968,1.163507546043994
8,1.3739764269844315,1.311725067833033,1.1916688751839117,1.2924567900004587,1.320618119140372,1.2850459139110033,1.311725067833033,1.3057963669614694,1.2183480291059414,1.2761528626036642,1.3606368500234167,1.2850459139110075,1.311725067833033,1.311725067833033,1.2361341317206196,1.2865280891288953,1.3517437987160776,1.2272410804132805,1.1560966699545427,1.2450271830279669,1.2672598112963251,1.2539202343353102,1.2139015034522656,1.245027183027967,1.1560966699545427,1.1916688751839117,1.2050084521449265,1.1842579990944604,1.1338640416861887,1.2005619264912508,1.2717063369499884,1.2020441017091426,1.3650833756770924,1.3739764269844315,1.2939389652183548,1.3443329226266263,1.302832016525694,1.427334734828491,1.2939389652183548,1.3413685721908466,1.3517437987160776,1.2939389652183548,1.3606368500234167,1.3354398713192832,1.2272410804132805,1.0893987851494684,1.2539202343353102,1.1901866999660198
9,1.1472036186472037,1.20945497779859,1.1027383621104834,1.153132319518759,1.2139015034522656,1.245027183027971,1.1783292982228968,1.2124193282343778,1.2227945547596046,1.2361341317206196,1.2850459139110033,1.2479915334637426,1.320618119140372,1.1605431956082062,1.120524464725174,1.2005619264912506,1.2005619264912508,1.1605431956082062,1.0315939516517456,1.130899691250401,1.1738827725692211,1.142757092993528,1.1738827725692211,1.1635075460439899,1.1116314134178225,1.1649897212618818,1.1472036186472037,1.141274917775636,1.004914797729716,1.1783292982228968,1.20945497779859,1.1308996912504008,1.2717063369499884,1.311725067833033,1.3161715934867086,1.29986766608991,1.2939389652183548,1.3784229526381073,1.2316876060669562,1.3013498413078062,1.2850459139110033,1.1383105673398521,1.3784229526381073,1.267259811296321,1.1783292982228968,1.1249709903788374,0.9871286951150254,1.0968096612389198
10,1.1160779390714983,1.1249709903788374,1.02714742599807,1.0893987851494684,1.1605431956082062,1.1560966699545427,1.120524464725174,1.1457214434293077,1.2316876060669562,1.1383105673398521,1.1605431956082062,1.1768471230050048,1.2005619264912508,1.20945497779859,1.1694362469155577,1.1931510504017995,1.2183480291059414,1.1027383621104834,0.9915752207687011,1.1042205373283753,1.0982918364568077,1.1116314134178225,1.1160779390714983,1.108667062982043,1.1649897212618818,1.0227009003444065,1.1249709903788374,1.1042205373283753,1.0093613233833918,1.1249709903788374,1.1872223495302359,1.107184887764155,1.3384042217550627,1.1916688751839117,1.2494737086816345,1.2598489352068698,1.129417516032513,1.2272410804132805,1.1116314134178225,1.1560966699545387,1.302832016525694,1.1338640416861887,1.1827758238765724,1.2064906273628184,1.0582731055737753,1.0938453108031443,1.142757092993528,1.0982918364568157
11,1.0760592081884537,1.2050084521449265,0.9293238616173025,1.0701305073168943,1.1827758238765724,1.0805057338421293,1.0982918364568077,1.12052446472517,1.1961154008375874,1.0582731055737753,1.1249709903788374,1.1264531655967334,1.129417516032513,1.2628132856426493,1.2539202343353102,1.2153836786701575,1.2361341317206196,1.0227009003444065,0.9515564898856566,1.0701305073168943,1.129417516032513,1.0315939516517456,1.0449335286127606,1.0686483320990063,1.1827758238765724,0.9737891181540229,1.107184887764159,1.087916609931585,1.013807849037055,1.1605431956082062,1.1116314134178225,1.0953274860210278,1.289492439564679,1.1738827725692211,1.2717063369499884,1.245027183027963,1.0582731055737753,1.320618119140372,1.0805057338421293,1.1531323195187588,1.3072785421793696,1.2539202343353102,1.2139015034522656,1.2583667599889818,1.0227009003444065,1.0671661568811146,1.1560966699545427,1.0819879090600213
12,1.129417516032513,1.1738827725692211,0.960449541193008,1.0879166099315807,1.1738827725692211,1.1027383621104834,1.0671661568811146,1.1145957638536064,1.245027183027971,1.0893987851494684,1.1249709903788374,1.153132319518759,1.1649897212618818,1.3472972730624018,1.298385490872018,1.2702241617321004,1.1383105673398521,1.0449335286127606,1.0449335286127606,1.0760592081884577,1.1872223495302359,1.0227009003444065,1.0982918364568077,1.1027383621104834,1.1160779390714983,0.960449541193008,1.1027383621104834,1.059755280791663,0.9737891181540229,1.1605431956082062,1.1783292982228968,1.1042205373283753,1.2183480291059414,1.1649897212618818,1.0805057338421293,1.154614494736651,1.1116314134178225,1.3650833756770924,1.1160779390714983,1.1975975760554711,1.2628132856426493,1.302832016525694,1.2628132856426493,1.276152862603664,0.9871286951150254,1.0627196312274387,1.0360404773054215,1.028629601215962
13,1.1916688751839117,1.302832016525694,1.049380054266424,1.1812936486586765,1.2850459139110033,1.151650144300867,1.0982918364568077,1.1783292982228926,1.2583667599889858,1.1560966699545427,1.1872223495302359,1.2005619264912548,1.107184887764159,1.2050084521449265,1.1560966699545427,1.156096669954543,1.2272410804132805,1.1249709903788374,1.120524464725174,1.1575788451724305,1.2583667599889858,1.0360404773054215,1.1783292982228968,1.157578845172435,1.0982918364568077,1.0582731055737753,1.0893987851494684,1.081987909060017,1.1383105673398521,1.2272410804132805,1.2850459139110033,1.2168658538880452,1.2850459139110033,1.151650144300867,1.3384042217550627,1.2583667599889778,1.0849522594958052,1.302832016525694,1.151650144300867,1.1798114734407887,1.2672598112963251,1.20945497779859,1.320618119140372,1.265777636078429,1.0938453108031443,1.0893987851494684,1.1649897212618818,1.1160779390714983
14,1.0982918364568077,1.311725067833033,0.9426634385783175,1.117560114289386,1.2583667599889858,1.0849522594958052,1.0538265799200996,1.132381866468297,1.1472036186472037,1.0227009003444065,1.120524464725174,1.096809661238928,1.0805057338421293,1.0760592081884537,1.0671661568811146,1.074577032970566,1.142757092993528,1.004914797729716,1.040487002959085,1.062719631227443,1.2850459139110033,0.982682169461362,1.013807849037055,1.0938453108031403,0.9915752207687011,0.9204308103099634,1.02714742599807,0.9797178190255781,1.2139015034522656,1.2494737086816345,1.2227945547596046,1.2287232556311682,1.1649897212618818,1.2361341317206196,1.1694362469155577,1.1901866999660198,1.0315939516517456,1.2316876060669562,1.0760592081884537,1.1131135886357184,1.107184887764159,1.02714742599807,1.1338640416861887,1.0893987851494726,1.040487002959085,0.960449541193008,1.0805057338421293,1.0271474259980742
15,1.0004682720760403,1.1694362469155577,0.9293238616173025,1.0330761268696336,1.2361341317206196,1.0315939516517456,1.0938453108031443,1.1205244647251698,1.120524464725174,1.0449335286127606,1.049380054266424,1.0716126825347863,0.960449541193008,1.0716126825347903,1.049380054266424,1.027147425998074,1.129417516032513,0.9515564898856566,1.0982918364568077,1.059755280791659,1.0227009003444065,0.9915752207687011,1.0004682720760403,1.004914797729716,1.004914797729716,0.8937516563879337,0.9737891181540229,0.9574851907572243,1.0805057338421293,1.289492439564679,1.0449335286127606,1.1383105673398564,1.0982918364568077,1.1694362469155577,1.1383105673398521,1.1353462169040724,1.0671661568811146,1.2183480291059414,1.0004682720760403,1.0953274860210322,1.0849522594958052,1.0360404773054215,0.9204308103099634,1.0138078490370634,0.9648960668466714,0.8937516563879337,1.0671661568811146,0.9752712933719065
16,1.0849522594958052,1.1160779390714983,0.8359468228902109,1.0123256738191715,1.1560966699545427,1.1916688751839117,0.9204308103099634,1.0893987851494726,1.120524464725174,0.9737891181540229,1.0805057338421293,1.0582731055737755,0.9871286951150254,1.1027383621104834,1.0582731055737753,1.049380054266428,1.0849522594958052,0.8137141946218569,0.9782356438076862,0.958967365975116,1.013807849037055,0.8981981820416095,0.9560030155393323,0.9560030155393323,0.9026447076952728,0.8804120794269189,0.8759655537732555,0.8863407802984824,1.049380054266424,1.2539202343353102,1.0315939516517456,1.1116314134178267,1.0227009003444065,1.049380054266424,1.0716126825347903,1.0478978790485403,0.9204308103099634,1.2183480291059414,0.9426634385783175,1.0271474259980742,1.0716126825347903,0.9871286951150254,1.0893987851494684,1.049380054266428,0.9070912333489486,0.8715190281195797,1.013807849037055,0.9308060368351944
17,1.0849522594958052,1.0227009003444065,1.0004682720760403,1.0360404773054173,1.129417516032513,1.1249709903788374,1.004914797729716,1.0864344347136887,1.1649897212618818,1.0627196312274387,1.1160779390714983,1.1145957638536064,1.0627196312274387,1.040487002959085,0.9693425925003472,1.0241830755622903,1.2005619264912508,1.02714742599807,0.9648960668466714,1.0642018064453307,0.8848586050805946,0.9871286951150254,1.0582731055737753,0.9767534685897984,1.0182543746907309,0.9515564898856566,1.0315939516517456,1.0004682720760443,0.9915752207687011,1.1649897212618818,1.2183480291059414,1.1249709903788414,1.1116314134178225,1.0716126825347903,1.1738827725692211,1.119042289507278,0.9693425925003472,1.2316876060669562,1.0805057338421293,1.0938453108031443,1.1649897212618818,1.0227009003444065,1.2139015034522656,1.1338640416861845,1.0360404773054215,0.8981981820416095,1.0982918364568077,1.0108434986012795
18,1.1027383621104834,1.0093613233833918,0.9293238616173025,1.0138078490370592,1.0716126825347903,1.1160779390714983,0.8626259768122406,1.0167721994728431,1.1160779390714983,0.960449541193008,1.129417516032513,1.0686483320990066,1.1338640416861887,1.0004682720760403,1.013807849037055,1.049380054266428,1.040487002959085,0.8981981820416095,0.9737891181540229,0.9708247677182391,0.8537329255048891,0.9426634385783175,0.9248773359636392,0.9070912333489486,0.9159842846562877,0.8804120794269189,0.8848586050805946,0.8937516563879337,1.004914797729716,1.1160779390714983,1.107184887764159,1.0760592081884577,1.0360404773054215,1.0182543746907309,1.040487002959085,1.0315939516517458,0.8670725024659041,1.1961154008375874,0.9515564898856566,1.0049147977297161,0.982682169461362,1.0538265799200996,1.2583667599889858,1.0982918364568157,0.9782356438076862,0.8759655537732555,0.9960217464223768,0.9500743146677729
19,1.0716126825347903,1.0538265799200996,0.9648960668466714,1.0301117764338537,1.0805057338421293,1.1249709903788374,0.960449541193008,1.0553087551379916,1.1249709903788374,0.982682169461362,1.0760592081884537,1.061237456009551,1.0716126825347903,0.9693425925003472,0.9915752207687011,1.0108434986012795,1.040487002959085,0.9648960668466714,1.02714742599807,1.0108434986012755,0.8137141946218569,0.9782356438076862,0.9248773359636392,0.9056090581310609,0.9515564898856566,0.9248773359636392,0.9471099642319931,0.9411812633604296,0.982682169461362,1.151650144300867,1.0093613233833918,1.0478978790485403,1.0449335286127606,1.049380054266424,1.0849522594958052,1.0597552807916633,0.8759655537732555,1.2316876060669562,0.982682169461362,1.0301117764338579,1.0227009003444065,1.0582731055737753,1.1605431956082062,1.0805057338421293,0.9960217464223768,0.8626259768122406,1.0004682720760403,0.9530386651035526
20,1.1383105673398521,1.049380054266424,0.9115377590026243,1.0330761268696336,1.0760592081884537,1.0760592081884537,0.9337703872709783,1.028629601215962,1.0760592081884537,0.9382169129246417,1.02714742599807,1.013807849037055,1.3873160039454464,0.9960217464223768,1.004914797729716,1.129417516032513,1.0716126825347903,0.9204308103099634,1.0227009003444065,1.0049147977297201,0.6669788480506935,0.8848586050805946,0.9115377590026243,0.8211250707113041,0.9070912333489486,0.960449541193008,0.8581794511585649,0.9085734085668404,0.9871286951150254,1.0582731055737753,1.1027383621104834,1.049380054266428,1.004914797729716,1.040487002959085,1.02714742599807,1.0241830755622903,0.9960217464223768,1.2183480291059414,0.8937516563879337,1.0360404773054175,0.9960217464223768,1.049380054266424,1.142757092993528,1.062719631227443,0.8848586050805946,0.8048211433145055,0.9337703872709783,0.8744833785553595
21,1.20945497779859,1.0315939516517456,1.0360404773054215,1.0923631355852523,1.0671661568811146,1.2005619264912508,1.0538265799200996,1.107184887764155,1.1694362469155577,1.0449335286127606,1.1560966699545427,1.1234888151609537,1.1249709903788374,1.0538265799200996,0.960449541193008,1.0464157038306483,1.1827758238765724,1.0182543746907309,1.2316876060669562,1.1442392682114197,0.7914815663534907,1.0538265799200996,0.9871286951150254,0.9441456137962053,0.9737891181540229,0.9737891181540229,0.9915752207687011,0.9797178190255823,0.9737891181540229,1.0938453108031443,1.0760592081884537,1.0478978790485403,1.1560966699545427,0.8492863998512258,1.1560966699545427,1.0538265799201036,0.9204308103099634,1.2227945547596046,0.9871286951150254,1.0434513533948644,1.0582731055737753,1.0627196312274387,1.1560966699545427,1.0923631355852523,1.0982918364568077,0.8848586050805946,1.0760592081884537,1.0197365499086188
22,1.2939389652183548,0.9871286951150254,1.040487002959085,1.107184887764155,1.0004682720760403,1.1383105673398521,1.0582731055737753,1.0656839816632226,1.1383105673398521,1.0182543746907309,1.2272410804132805,1.127935340814621,1.1116314134178225,1.0004682720760403,0.9560030155393323,1.0227009003443983,1.1961154008375874,1.0227009003444065,1.0893987851494684,1.1027383621104876,0.8581794511585649,0.9915752207687011,0.9960217464223768,0.948592139449881,0.9382169129246417,0.9471099642319931,0.9515564898856566,0.9456277890140972,0.9515564898856566,1.004914797729716,1.0093613233833918,0.9886108703329214,1.1249709903788374,0.8937516563879337,1.1383105673398521,1.0523444047022077,0.9515564898856566,1.1027383621104834,0.9693425925003472,1.0078791481654956,1.0760592081884537,1.013807849037055,1.1249709903788374,1.071612682534782,0.9293238616173025,0.9026447076952728,1.0360404773054215,0.9560030155393323
23,1.1694362469155577,0.9915752207687011,0.9693425925003472,1.0434513533948686,0.9693425925003472,1.0849522594958052,0.9782356438076862,1.0108434986012795,1.0360404773054215,0.9159842846562877,1.120524464725174,1.0241830755622943,1.107184887764159,1.0093613233833918,0.9737891181540229,1.030111776433858,1.0227009003444065,0.9382169129246417,0.9737891181540229,0.9782356438076905,0.8537329255048891,0.9070912333489486,0.9471099642319931,0.9026447076952769,0.8492863998512258,0.9471099642319931,0.8981981820416095,0.8981981820416095,0.982682169461362,1.02714742599807,1.0227009003444065,1.0108434986012795,1.0627196312274387,0.8937516563879337,1.0805057338421293,1.0123256738191673,0.9026447076952728,1.1116314134178225,0.8981981820416095,0.970824767718235,1.0182543746907309,0.9960217464223768,1.004914797729716,1.0063969729476079,0.8981981820416095,0.9115377590026243,0.9737891181540229,0.927841686399419
24,1.1160779390714983,1.040487002959085,1.0449335286127606,1.0671661568811146,1.0538265799200996,1.1827758238765724,1.0449335286127606,1.093845310803144,1.0671661568811146,0.9737891181540229,1.0893987851494684,1.0434513533948686,1.1827758238765724,0.982682169461362,0.9915752207687011,1.052344404702212,1.3739764269844315,1.02714742599807,0.9915752207687011,1.130899691250401,0.9115377590026243,1.004914797729716,1.013807849037055,0.9767534685897985,0.8848586050805946,1.02714742599807,0.84483987419755,0.9189486350920716,0.982682169461362,1.0760592081884537,1.0182543746907309,1.0256652507801822,1.1472036186472037,0.7825885150461515,1.20945497779859,1.0464157038306483,1.0671661568811146,1.0716126825347903,0.9648960668466714,1.0345583020875255,1.0582731055737753,1.0093613233833918,1.0538265799200996,1.040487002959089,0.9915752207687011,0.9159842846562877,1.040487002959085,0.9826821694613579
25,1.0627196312274387,0.9515564898856566,1.0093613233833918,1.0078791481654956,0.9782356438076862,1.151650144300867,1.1116314134178225,1.0805057338421253,1.1027383621104834,0.9737891181540229,1.049380054266424,1.0419691781769769,1.2227945547596046,0.9871286951150254,0.960449541193008,1.0567909303558793,1.1116314134178225,0.9737891181540229,0.9159842846562877,1.0004682720760443,0.960449541193008,0.9871286951150254,1.004914797729716,0.9841643446792497,0.8226072459291961,1.0182543746907309,0.8537329255048891,0.8981981820416053,0.9515564898856566,0.9693425925003472,0.9871286951150254,0.969342592500343,1.1472036186472037,0.7514628354704583,1.2405806573742952,1.0464157038306523,0.9337703872709783,1.0360404773054215,0.9960217464223768,0.9886108703329256,1.0760592081884537,0.9115377590026243,1.0760592081884537,1.0212187251265106,0.982682169461362,0.8937516563879337,1.0538265799200996,0.9767534685897985
26,1.040487002959085,0.9115377590026243,0.9426634385783175,0.9648960668466756,0.9515564898856566,1.0671661568811146,0.9426634385783175,0.9871286951150294,0.982682169461362,0.889305130734258,1.0004682720760403,0.95748519075722,1.2316876060669562,0.9871286951150254,0.9248773359636392,1.0478978790485403,1.0893987851494684,0.9915752207687011,0.9871286951150254,1.0227009003443983,0.9515564898856566,0.9382169129246417,0.9560030155393323,0.9485921394498767,0.7603558867777975,0.9737891181540229,0.8626259768122406,0.8655903272480203,0.9248773359636392,0.9960217464223768,0.982682169461362,0.9678604172824593,1.0627196312274387,0.8626259768122406,1.2227945547596046,1.049380054266428,0.8937516563879337,1.004914797729716,0.9248773359636392,0.9411812633604296,1.040487002959085,0.9515564898856566,0.9871286951150254,0.993057395986589,0.8848586050805946,0.982682169461362,0.982682169461362,0.9500743146677729
27,0.8537329255048891,0.8759655537732555,0.8759655537732555,0.8685546776838001,0.9026447076952728,1.120524464725174,1.0182543746907309,1.0138078490370592,1.0538265799200996,0.7736954637388124,0.9115377590026243,0.9130199342205122,1.1649897212618818,0.8670725024659041,0.8715190281195797,0.9678604172824552,0.9382169129246417,0.8581794511585649,0.8092676689681811,0.8685546776837959,0.7736954637388124,0.7870350406998272,0.8181607202755203,0.7929637415713867,0.7959280920071663,0.8626259768122406,0.8092676689681811,0.8226072459291961,0.8315002972365352,0.8626259768122406,0.9382169129246417,0.8774477289911391,1.1249709903788374,0.9337703872709783,1.0805057338421293,1.0464157038306483,1.0315939516517456,0.8492863998512258,0.84483987419755,0.9085734085668404,0.9337703872709783,0.8315002972365352,0.889305130734258,0.8848586050805904,0.7559093611241218,0.8270537715828594,0.8848586050805946,0.8226072459291919
28,0.8937516563879337,0.9026447076952728,0.9293238616173025,0.9085734085668363,0.9026447076952728,1.1472036186472037,1.02714742599807,1.0256652507801822,1.02714742599807,0.7781419893924757,0.9426634385783175,0.9159842846562878,1.0805057338421293,0.9026447076952728,0.7914815663534907,0.924877335963631,0.982682169461362,0.9560030155393323,0.8626259768122406,0.9337703872709783,0.8626259768122406,0.9070912333489486,0.8981981820416095,0.8893051307342663,0.7825885150461515,0.9204308103099634,0.8315002972365352,0.8448398741975501,0.9115377590026243,0.8981981820416095,0.9471099642319931,0.9189486350920757,1.1783292982228968,0.9693425925003472,1.0449335286127606,1.064201806445335,0.8848586050805946,0.9115377590026243,0.8804120794269189,0.8922694811700459,1.0360404773054215,0.9115377590026243,0.9293238616173025,0.958967365975116,0.8715190281195797,0.8581794511585649,0.9471099642319931,0.8922694811700459
29,0.8403933485438743,0.889305130734258,0.982682169461362,0.9041268829131647,0.9159842846562877,1.302832016525694,1.129417516032513,1.1160779390714983,1.0671661568811146,0.7870350406998272,0.9693425925003472,0.9411812633604297,0.9871286951150254,0.9560030155393323,0.8804120794269189,0.9411812633604256,0.9115377590026243,0.9693425925003472,0.8048211433145055,0.8952338316058257,0.8359468228902109,0.9159842846562877,0.9382169129246417,0.8967160068237133,0.8270537715828594,0.8981981820416095,0.9382169129246417,0.8878229555163702,0.8359468228902109,0.7825885150461515,0.7870350406998272,0.8018567928787298,1.2805993882573399,1.0360404773054215,1.013807849037055,1.1101492381999387,0.982682169461362,0.889305130734258,0.8937516563879337,0.9219129855278512,1.02714742599807,0.9248773359636392,1.0093613233833918,0.9871286951150336,0.7825885150461515,1.0360404773054215,0.9560030155393323,0.9248773359636351
30,0.9560030155393323,0.9782356438076862,0.9293238616173025,0.9545208403214404,0.9560030155393323,1.1738827725692211,1.1027383621104834,1.0775413834063456,1.0360404773054215,0.9070912333489486,1.004914797729716,0.9826821694613619,0.9648960668466714,0.982682169461362,0.8848586050805946,0.9441456137962093,0.9871286951150254,1.0315939516517456,0.8226072459291961,0.9471099642319891,0.9204308103099634,0.9159842846562877,0.9560030155393323,0.9308060368351945,0.8359468228902109,1.0227009003444065,0.889305130734258,0.9159842846562918,1.0093613233833918,1.0227009003444065,0.9960217464223768,1.0093613233833918,1.1872223495302359,1.0004682720760403,1.0582731055737753,1.0819879090600173,0.9693425925003472,1.0004682720760403,0.8848586050805946,0.9515564898856607,1.1160779390714983,0.9782356438076862,0.9382169129246417,1.0108434986012755,0.7914815663534907,0.8759655537732555,0.9382169129246417,0.8685546776837959
31,0.8048211433145055,0.8581794511585649,0.8937516563879337,0.8522507502870015,0.8981981820416095,1.049380054266424,1.129417516032513,1.0256652507801822,1.0982918364568077,0.8226072459291961,0.9115377590026243,0.9441456137962095,0.7336767328557677,0.9204308103099634,0.7470163098167827,0.8003746176608378,0.8981981820416095,1.120524464725174,0.7825885150461515,0.9337703872709784,0.9648960668466714,0.84483987419755,0.9337703872709783,0.9145021094383998,0.9026447076952728,0.889305130734258,0.9471099642319931,0.913019934220508,0.9070912333489486,0.960449541193008,0.9515564898856566,0.9396990881425377,1.0671661568811146,0.9782356438076862,0.9204308103099634,0.9886108703329214,1.1249709903788374,0.8581794511585649,0.8626259768122406,0.948592139449881,1.142757092993528,0.8270537715828594,0.8759655537732555,0.948592139449881,0.8181607202755203,1.013807849037055,0.9960217464223768,0.9426634385783174
32,0.8848586050805946,0.982682169461362,0.960449541193008,0.9426634385783216,0.982682169461362,1.1160779390714983,1.2272410804132805,1.108667062982047,1.1872223495302359,0.8937516563879337,1.004914797729716,1.028629601215962,0.9026447076952728,1.0004682720760403,0.8848586050805946,0.9293238616173026,0.9915752207687011,1.1472036186472037,0.9159842846562877,1.0182543746907309,0.960449541193008,0.9159842846562877,0.9915752207687011,0.9560030155393323,0.9471099642319931,1.02714742599807,0.8492863998512258,0.9411812633604296,1.0538265799200996,1.02714742599807,1.0449335286127606,1.0419691781769769,1.0982918364568077,1.0538265799200996,1.004914797729716,1.0523444047022077,1.004914797729716,1.0360404773054215,0.8848586050805946,0.9752712933719105,1.245027183027971,0.9871286951150254,0.9960217464223768,1.0760592081884577,0.9159842846562877,0.8715190281195797,1.049380054266424,0.9456277890140972
33,0.8759655537732555,1.004914797729716,1.0093613233833918,0.9634138916287878,1.0182543746907309,1.1027383621104834,1.1961154008375874,1.1057027125462673,1.2227945547596046,0.9293238616173025,1.0360404773054215,1.062719631227443,0.889305130734258,1.0627196312274387,0.8270537715828594,0.9263595111815187,1.0627196312274387,1.1649897212618818,0.8981981820416095,1.0419691781769767,1.004914797729716,0.889305130734258,1.0182543746907309,0.970824767718235,0.9515564898856566,1.040487002959085,0.9515564898856566,0.981199994243466,1.0849522594958052,1.0182543746907309,1.1249709903788374,1.076059208188458,1.0893987851494684,1.107184887764159,1.02714742599807,1.0745770329705657,1.049380054266424,1.0182543746907309,0.9693425925003472,1.0123256738191675,1.20945497779859,1.0093613233833918,1.0227009003444065,1.0805057338421296,0.8092676689681811,0.9426634385783175,1.0805057338421293,0.9441456137962093
34,0.8403933485438743,1.0182543746907309,0.9960217464223768,0.9515564898856607,0.9782356438076862,1.0893987851494684,1.2227945547596046,1.0968096612389198,1.1961154008375874,0.8981981820416095,0.9693425925003472,1.0212187251265148,0.8359468228902109,1.0182543746907309,0.9204308103099634,0.9248773359636351,1.013807849037055,1.20945497779859,0.9026447076952728,1.0419691781769727,0.9871286951150254,0.7914815663534907,1.0227009003444065,0.9337703872709743,1.0671661568811146,1.0360404773054215,0.9782356438076862,1.0271474259980742,1.1027383621104834,1.0315939516517456,1.151650144300867,1.095327486021032,1.0627196312274387,1.0893987851494684,1.0538265799200996,1.0686483320990023,1.1338640416861887,1.0182543746907309,0.8937516563879337,1.015290024254951,1.1872223495302359,1.013807849037055,1.0227009003444065,1.0745770329705657,0.889305130734258,0.8715190281195797,1.1338640416861887,0.9648960668466754
35,0.7514628354704583,0.9337703872709783,0.9871286951150254,0.8907873059521539,0.9337703872709783,0.9782356438076862,1.0805057338421293,0.9975039216402647,1.1160779390714983,0.9204308103099634,0.9382169129246417,0.9915752207687012,0.7870350406998272,0.982682169461362,0.8226072459291961,0.8641081520301285,0.9382169129246417,1.1383105673398521,0.8492863998512258,0.9752712933719065,1.0004682720760403,0.7825885150461515,1.0227009003444065,0.935252562488866,0.9737891181540229,1.0716126825347903,0.9693425925003472,1.0049147977297201,1.0315939516517456,0.960449541193008,1.0760592081884537,1.0227009003444023,1.0182543746907309,1.129417516032513,0.7247836815484286,0.957485190757224,1.0893987851494684,0.9159842846562877,0.9204308103099634,0.9752712933719065,1.0360404773054215,0.9070912333489486,1.0093613233833918,0.984164344679254,0.9471099642319931,0.9293238616173025,0.9382169129246417,0.9382169129246458
36,0.8226072459291961,1.0004682720760403,0.9782356438076862,0.9337703872709741,0.9871286951150254,1.0671661568811146,1.120524464725174,1.0582731055737713,1.0893987851494684,0.8981981820416095,0.982682169461362,0.9900930455508133,0.8670725024659041,1.0227009003444065,0.8626259768122406,0.9174664598741837,0.9960217464223768,1.0893987851494684,0.8759655537732555,0.9871286951150336,0.960449541193008,0.8048211433145055,0.9560030155393323,0.9070912333489486,0.9471099642319931,0.9915752207687011,0.9560030155393323,0.9648960668466756,1.1249709903788374,1.040487002959085,1.1249709903788374,1.0968096612389198,1.0982918364568077,1.0938453108031443,0.9070912333489486,1.0330761268696336,1.1605431956082062,0.9960217464223768,0.9782356438076862,1.0449335286127563,1.1116314134178225,0.9560030155393323,0.9871286951150254,1.0182543746907267,0.9293238616173025,0.8848586050805946,0.9337703872709783,0.9159842846562918
37,0.8759655537732555,0.9960217464223768,1.0315939516517456,0.9678604172824592,1.013807849037055,1.049380054266424,1.0982918364568077,1.0538265799200957,1.0716126825347903,1.040487002959085,0.9159842846562877,1.0093613233833876,0.9159842846562877,0.9871286951150254,0.8848586050805946,0.9293238616173025,0.9871286951150254,1.1338640416861887,0.889305130734258,1.003432622511824,1.1160779390714983,0.7425697841631069,0.9737891181540229,0.9441456137962095,1.0627196312274387,1.151650144300867,1.0360404773054215,1.083470084277909,1.1383105673398521,1.0893987851494684,1.1961154008375874,1.141274917775636,1.0716126825347903,1.2005619264912508,0.8403933485438743,1.037522652523305,1.2050084521449265,1.013807849037055,1.0360404773054215,1.084952259495801,1.1027383621104834,0.9515564898856566,1.1116314134178225,1.0553087551379876,1.0805057338421293,1.0760592081884537,0.8626259768122406,1.0063969729476077
38,1.0582731055737753,0.9737891181540229,0.9471099642319931,0.9930573959865971,0.9871286951150254,1.013807849037055,1.0582731055737753,1.0197365499086184,1.013807849037055,0.9515564898856566,0.9560030155393323,0.9737891181540146,0.8937516563879337,0.982682169461362,0.8181607202755203,0.8981981820416053,0.960449541193008,1.040487002959085,0.9693425925003472,0.9900930455508133,1.0538265799200996,0.7914815663534907,1.0227009003444065,0.9560030155393323,0.9693425925003472,1.1961154008375874,0.9560030155393323,1.040487002959089,1.049380054266424,1.0538265799200996,1.0627196312274387,1.0553087551379874,1.013807849037055,1.1249709903788374,0.7648024124314732,0.9678604172824552,1.1872223495302359,0.9871286951150254,1.004914797729716,1.059755280791659,1.0315939516517456,0.9960217464223768,1.0093613233833918,1.0123256738191715,0.9026447076952728,1.0627196312274387,0.9159842846562877,0.9604495411929997
39,0.8537329255048891,0.889305130734258,0.889305130734258,0.877447728991135,0.9693425925003472,0.9737891181540229,0.9471099642319931,0.9634138916287878,0.9159842846562877,0.9737891181540229,0.9204308103099634,0.936734737706758,0.8670725024659041,0.9871286951150254,0.7292302072020921,0.8611438015943405,0.9693425925003472,0.9648960668466714,0.9159842846562877,0.9500743146677687,1.0182543746907309,0.8359468228902109,1.0538265799200996,0.9693425925003472,1.013807849037055,1.2361341317206196,0.9070912333489486,1.0523444047022077,1.0093613233833918,0.982682169461362,1.151650144300867,1.0478978790485403,0.9871286951150254,1.1961154008375874,0.9648960668466714,1.049380054266428,1.2805993882573399,0.9693425925003472,0.9159842846562877,1.0553087551379916,0.9782356438076862,0.9515564898856566,0.982682169461362,0.970824767718235,0.9159842846562877,0.9871286951150254,0.9204308103099634,0.9411812633604256
40,0.8492863998512258,0.9782356438076862,0.960449541193008,0.9293238616173066,0.9471099642319931,1.0093613233833918,0.9560030155393323,0.9708247677182391,0.9471099642319931,0.9115377590026243,0.9648960668466714,0.9411812633604296,0.9159842846562877,1.0182543746907309,0.7292302072020921,0.8878229555163702,0.9915752207687011,1.0093613233833918,0.9737891181540229,0.9915752207687053,1.0760592081884537,0.8981981820416095,1.0182543746907309,0.9975039216402646,0.889305130734258,1.0938453108031443,0.9560030155393323,0.9797178190255781,1.0938453108031443,1.1160779390714983,1.1560966699545427,1.1220066399430617,0.9204308103099634,1.151650144300867,0.8848586050805946,0.9856465198971417,1.2672598112963251,0.960449541193008,0.9648960668466714,1.064201806445335,0.9471099642319931,0.9871286951150254,0.9382169129246417,0.95748519075722,1.1649897212618818,1.0627196312274387,0.9915752207687011,1.0730948577526738
41,0.8270537715828594,0.9426634385783175,0.9382169129246417,0.9026447076952729,0.9248773359636392,0.9648960668466714,0.9159842846562877,0.935252562488866,0.9026447076952728,0.9426634385783175,0.9026447076952728,0.9159842846562878,0.9026447076952728,0.9871286951150254,0.8092676689681811,0.8996803572594931,0.9648960668466714,1.004914797729716,0.960449541193008,0.9767534685897984,1.0538265799200996,0.9648960668466714,1.0805057338421293,1.0330761268696333,0.8626259768122406,1.049380054266424,0.9159842846562877,0.9426634385783176,1.1383105673398521,1.0671661568811146,1.2805993882573399,1.1620253708261021,1.004914797729716,1.0982918364568077,0.8315002972365352,0.9782356438076864,1.1027383621104834,0.9960217464223768,0.9382169129246417,1.0123256738191675,0.960449541193008,0.9026447076952728,0.9070912333489486,0.9233951607457431,1.0582731055737753,1.0716126825347903,1.0627196312274387,1.064201806445335
42,0.8581794511585649,0.9915752207687011,0.9648960668466714,0.9382169129246458,0.9248773359636392,0.9426634385783175,0.9248773359636392,0.9308060368351986,0.8715190281195797,0.9382169129246417,0.9693425925003472,0.9263595111815229,0.9026447076952728,1.0182543746907309,0.8315002972365352,0.9174664598741797,0.9115377590026243,0.9915752207687011,0.9960217464223768,0.9663782420645676,1.0315939516517456,1.040487002959085,1.0893987851494684,1.0538265799200996,0.7736954637388124,1.02714742599807,1.1694362469155577,0.9900930455508132,1.2183480291059414,1.1872223495302359,1.2050084521449265,1.2035262769270345,0.9960217464223768,1.0716126825347903,0.7470163098167827,0.9382169129246499,1.1472036186472037,0.9515564898856566,0.9248773359636392,1.0078791481654998,0.982682169461362,0.9248773359636392,0.960449541193008,0.9560030155393364,1.298385490872018,0.9560030155393323,1.1338640416861887,1.129417516032513
43,0.8270537715828594,0.9426634385783175,0.9159842846562877,0.8952338316058216,0.9515564898856566,0.9471099642319931,0.9693425925003472,0.9560030155393323,0.8759655537732555,1.0360404773054215,0.9871286951150254,0.9663782420645676,0.9871286951150254,0.9159842846562877,0.8270537715828594,0.9100555837847241,0.9471099642319931,1.040487002959085,0.9471099642319931,0.9782356438076905,1.0849522594958052,1.0805057338421293,1.0671661568811146,1.0775413834063496,1.0582731055737753,0.982682169461362,0.9426634385783175,0.994539571204485,1.298385490872018,1.1872223495302359,1.2183480291059414,1.2346519565027319,0.9960217464223768,1.049380054266424,0.9026447076952728,0.9826821694613579,1.02714742599807,0.9515564898856566,0.9871286951150254,0.9886108703329173,0.9871286951150254,0.982682169461362,0.8537329255048891,0.9411812633604256,1.0538265799200996,1.0315939516517456,1.2361341317206196,1.107184887764155
44,0.8804120794269189,0.9693425925003472,0.9960217464223768,0.948592139449881,1.0093613233833918,0.9915752207687011,0.9915752207687011,0.9975039216402646,0.8492863998512258,1.049380054266424,1.040487002959085,0.9797178190255781,0.9382169129246417,1.1116314134178225,0.8981981820416095,0.9826821694613579,0.9693425925003472,1.0805057338421293,0.8670725024659041,0.9723069429361267,0.9693425925003472,1.2272410804132805,0.9915752207687011,1.062719631227443,1.0093613233833918,0.9960217464223768,1.013807849037055,1.0063969729476079,1.20945497779859,1.2672598112963251,1.2183480291059414,1.2316876060669522,0.9960217464223768,1.0227009003444065,1.0315939516517456,1.0167721994728431,1.040487002959085,0.9648960668466714,0.9070912333489486,0.970824767718235,0.9960217464223768,0.9737891181540229,0.9204308103099634,0.9634138916287878,1.0360404773054215,0.9871286951150254,1.1560966699545427,1.0597552807916633
45,1.0182543746907309,1.0182543746907309,1.1116314134178225,1.049380054266428,1.0671661568811146,1.0360404773054215,1.040487002959085,1.0478978790485403,0.8403933485438743,1.0671661568811146,1.040487002959085,0.982682169461358,1.0760592081884537,1.2672598112963251,0.9515564898856566,1.098291836456812,1.013807849037055,1.1383105673398521,1.5162652479019192,1.2227945547596086,1.5562839787849514,1.5340513505165976,1.6051957609753351,1.5651770300922945,0.9515564898856566,1.004914797729716,1.0627196312274387,1.0063969729476037,1.325064644794048,1.1383105673398521,1.3472972730624018,1.2702241617321006,1.0227009003444065,1.0849522594958052,0.8715190281195797,0.9930573959865971,1.0760592081884537,1.0227009003444065,1.0671661568811146,1.0553087551379916,1.02714742599807,1.013807849037055,1.0627196312274387,1.034558302087521,1.1383105673398521,1.0849522594958052,1.1605431956082062,1.127935340814621
46,1.0582731055737753,0.9782356438076862,1.0805057338421293,1.039004827741197,1.02714742599807,1.004914797729716,0.9515564898856566,0.9945395712044808,0.8226072459291961,1.0938453108031443,0.9915752207687011,0.9693425925003472,1.0849522594958052,1.02714742599807,0.9915752207687011,1.0345583020875255,0.9960217464223768,1.0360404773054215,1.1027383621104834,1.0449335286127606,0.9515564898856566,1.151650144300867,1.1605431956082062,1.0879166099315765,0.9915752207687011,0.7914815663534907,1.107184887764159,0.9634138916287837,1.2183480291059414,1.2050084521449265,1.3161715934867086,1.2465093582458588,0.9960217464223768,0.9782356438076862,0.9782356438076862,0.9841643446792497,1.0093613233833918,1.02714742599807,0.9782356438076862,1.0049147977297161,0.9960217464223768,0.9871286951150254,1.0716126825347903,1.0182543746907309,1.107184887764159,0.9693425925003472,1.0893987851494684,1.0553087551379914
47,1.0227009003444065,0.9471099642319931,1.1738827725692211,1.0478978790485403,0.9070912333489486,0.9560030155393323,0.9693425925003472,0.9441456137962093,0.9871286951150254,1.0716126825347903,0.9382169129246417,0.9989860968581524,1.0227009003444065,0.9115377590026243,0.9337703872709783,0.9560030155393364,0.9515564898856566,1.0227009003444065,1.049380054266424,1.0078791481654956,1.040487002959085,1.004914797729716,1.0538265799200996,1.0330761268696336,1.040487002959085,0.9070912333489486,1.1560966699545427,1.0345583020875253,1.3072785421793696,1.2494737086816345,1.302832016525694,1.2865280891288993,0.9471099642319931,0.9560030155393323,1.013807849037055,0.9723069429361267,0.9915752207687011,0.9382169129246417,0.9337703872709783,0.9545208403214404,0.9782356438076862,0.9693425925003472,1.0760592081884537,1.0078791481654956,1.0182543746907309,1.0893987851494684,0.9337703872709783,1.0138078490370592
48,1.0227009003444065,1.0360404773054215,0.982682169461362,1.0138078490370634,0.9960217464223768,0.9782356438076862,0.9871286951150254,0.9871286951150294,0.8937516563879337,1.0360404773054215,1.049380054266424,0.993057395986593,0.9471099642319931,0.9382169129246417,0.9693425925003472,0.9515564898856607,1.0315939516517456,0.982682169461362,1.013807849037055,1.0093613233833876,1.0849522594958052,1.0315939516517456,1.0805057338421293,1.0656839816632266,0.9871286951150254,1.1783292982228968,1.0627196312274387,1.0760592081884537,1.3828694782917708,1.2717063369499884,1.311725067833033,1.322100294358264,1.013807849037055,1.0360404773054215,0.982682169461362,1.0108434986012795,0.9693425925003472,1.040487002959085,1.0093613233833918,1.0063969729476079,1.0093613233833918,1.013807849037055,0.9560030155393323,0.9930573959865931,1.004914797729716,0.9426634385783175,1.0449335286127606,0.9975039216402646
49,1.0582731055737753,1.040487002959085,1.0582731055737753,1.052344404702212,1.0315939516517456,0.9871286951150254,0.9382169129246417,0.9856465198971375,0.9871286951150254,1.049380054266424,1.0227009003444065,1.0197365499086186,1.2050084521449265,1.0627196312274387,1.1338640416861887,1.1338640416861845,1.0893987851494684,1.049380054266424,0.9915752207687011,1.0434513533948646,1.0182543746907309,1.013807849037055,1.0315939516517456,1.0212187251265104,1.0938453108031443,1.0227009003444065,1.0849522594958052,1.0671661568811188,1.3295111704477236,1.3828694782917708,1.3784229526381073,1.3636012004592004,0.9960217464223768,0.9560030155393323,0.960449541193008,0.970824767718239,0.9737891181540229,1.0449335286127606,1.107184887764159,1.0419691781769809,1.0004682720760403,1.0093613233833918,1.0938453108031443,1.0345583020875253,1.1338640416861887,0.9115377590026243,1.02714742599807,1.0241830755622943
50,0.5913879119382924,0.6091740145529707,0.6091740145529707,0.6032453136814113,0.604727488899295,0.6136205402066464,0.5513691810552479,0.5899057367203965,0.6225135915139856,0.5824948606309409,0.6314066428213246,0.6121383649887503,0.6358531684750004,0.6358531684750004,0.5424761297479087,0.6047274888993032,0.5558157067089112,0.5913879119382924,0.604727488899295,0.5839770358488329,0.5824948606309409,0.604727488899295,0.5913879119382924,0.5928700871561761,0.5736018093236018,0.5958344375919559,0.6091740145529707,0.5928700871561762,0.6002809632456315,0.5780483349772776,0.6180670658603098,0.5987987880277396,0.604727488899295,0.6002809632456315,0.6269601171676613,0.6106561897708626,0.5824948606309409,0.6358531684750004,0.560262232362587,0.5928700871561762,0.5913879119382924,0.6002809632456315,0.5736018093236018,0.5884235615025086,0.5647087580162627,0.6091740145529707,0.6358531684750004,0.6032453136814112
